,Max TemperatureF,Mean TemperatureF,Min TemperatureF,Max Dew PointF,MeanDew PointF,Min DewpointF,Max Humidity, Mean Humidity, Min Humidity, Max Sea Level PressureIn, Mean Sea Level PressureIn, Min Sea Level PressureIn, Max VisibilityMiles, Mean VisibilityMiles, Min VisibilityMiles, Max Wind SpeedMPH, Mean Wind SpeedMPH, Max Gust SpeedMPH,PrecipitationIn, CloudCover, Events, WindDirDegrees<br />
2012-01-01,58,50,42,47,44,39,93,77,61,30.21,30.16,30.12,10,10,7,14,5,79.0,0.00,2,,178<br />
2012-01-02,57,49,41,49,46,40,100,89,77,30.33,30.27,30.18,10,7,3,8,3,25.0,0.00,4,Fog,267<br />
2012-01-03,52,46,40,48,45,40,100,92,83,30.39,30.33,30.29,10,4,0,17,1,28.0,0.00,4,Fog,245<br />
2012-01-04,59,47,35,48,43,37,100,79,57,30.41,30.34,30.3,10,8,5,9,3,12.0,0.00,4,Fog,268<br />
2012-01-05,59,49,38,50,45,39,100,84,67,30.34,30.25,30.19,10,9,7,15,4,29.0,0.00,2,,200<br />
2012-01-06,55,48,40,47,45,41,100,86,71,30.23,30.17,30.14,10,8,6,9,4,12.0,0.00,4,,207<br />
2012-01-07,70,52,34,44,30,17,100,57,14,30.25,30.18,30.13,10,10,10,20,6,25.0,0.00,1,,3<br />
2012-01-08,68,54,40,43,27,18,71,44,16,30.25,30.21,30.17,10,10,10,18,7,24.0,0.00,3,,27<br />
2012-01-09,60,46,32,45,39,32,92,70,47,30.28,30.22,30.17,10,9,6,8,2,10.0,0.00,1,,233<br />
2012-01-10,56,45,33,46,41,34,100,81,61,30.19,30.15,30.09,10,8,6,9,3,10.0,0.00,2,,224<br />
2012-01-11,60,47,33,42,37,32,92,66,39,30.17,30.1,30.04,10,10,7,8,2,9.0,0.00,1,,302<br />
2012-01-12,65,49,32,43,34,28,92,65,37,30.15,30.1,30.06,10,10,10,13,3,16.0,0.00,0,,254<br />
2012-01-13,61,48,34,44,35,30,82,59,36,30.25,30.19,30.16,10,10,9,8,2,10.0,0.00,1,,238<br />
2012-01-14,61,47,32,41,37,32,96,69,42,30.22,30.16,30.1,10,9,7,10,2,,0.00,1,,318<br />
2012-01-15,52,44,36,45,38,26,93,73,53,30.19,30.11,30.06,10,10,8,28,12,33.0,0.00,4,,281<br />
2012-01-16,50,41,32,34,26,16,82,54,26,30.36,30.29,30.2,10,10,10,17,6,24.0,0.00,0,,325<br />
2012-01-17,50,39,28,36,32,27,92,72,52,30.45,30.39,30.36,10,10,10,13,5,15.0,0.00,2,,56<br />
2012-01-18,53,42,30,41,35,29,100,80,60,30.45,30.37,30.29,10,10,10,10,3,20.0,0.00,3,,188<br />
2012-01-19,50,42,34,47,40,34,92,74,56,30.27,30.17,30.07,10,9,5,15,7,83.0,0.11,6,Rain,131<br />
2012-01-20,57,53,49,55,52,48,100,95,89,30.06,29.89,29.74,10,5,2,25,14,32.0,1.16,8,Rain,157<br />
2012-01-21,55,48,41,52,47,42,100,83,66,30.18,29.95,29.75,10,9,2,35,16,41.0,0.12,6,Rain,265<br />
2012-01-22,54,48,41,50,45,39,100,88,76,30.19,30.05,29.82,10,9,5,28,14,33.0,0.15,8,Rain,130<br />
2012-01-23,55,52,48,54,50,46,100,86,72,30.18,29.86,29.69,10,7,2,26,12,31.0,0.63,7,Rain,257<br />
2012-01-24,56,51,45,49,47,45,100,86,72,30.45,30.34,30.19,10,10,7,7,3,21.0,0.00,6,,192<br />
2012-01-25,60,52,44,53,49,44,100,86,72,30.46,30.41,30.35,10,10,7,17,3,63.0,0.00,5,,258<br />
2012-01-26,57,53,48,54,52,48,100,93,86,30.38,30.32,30.26,10,5,0,13,3,15.0,T,7,Fog,255<br />
2012-01-27,60,50,40,52,44,28,100,68,35,30.31,30.27,30.22,10,4,0,9,3,20.0,0.00,3,Fog,283<br />
2012-01-28,67,53,39,39,32,23,76,49,22,30.35,30.3,30.25,10,10,10,20,5,24.0,0.00,1,,63<br />
2012-01-29,61,51,40,48,43,38,100,78,55,30.29,30.23,30.15,10,10,10,12,4,43.0,0.00,5,,302<br />
2012-01-30,55,50,44,49,47,43,100,86,72,30.14,30.09,30.04,10,10,8,17,5,21.0,0.00,6,,240<br />
2012-01-31,56,49,42,48,46,39,93,83,72,30.23,30.16,30.1,10,10,10,14,7,,0.00,6,,267<br />
2012-02-01,57,51,44,50,47,44,100,89,77,30.3,30.25,30.22,10,7,2,15,5,18.0,T,6,Fog-Rain,156<br />
2012-02-02,63,51,38,49,41,34,100,68,36,30.26,30.11,29.99,10,10,10,9,3,13.0,0.00,3,,292<br />
2012-02-03,64,53,41,48,41,33,93,67,40,30.09,30.04,30.01,10,10,9,12,5,,0.00,1,,64<br />
2012-02-04,63,51,38,46,40,38,100,72,43,30.12,30.09,30.07,10,10,7,14,3,100.0,0.00,2,,289<br />
2012-02-05,60,50,39,42,38,34,93,67,40,30.14,30.07,30.01,10,10,10,9,4,12.0,0.00,5,,126<br />
2012-02-06,62,52,41,52,43,37,96,69,42,29.99,29.89,29.78,10,10,7,14,4,17.0,0.06,6,Rain,341<br />
2012-02-07,59,55,51,52,48,39,100,78,55,30.14,29.92,29.77,10,10,6,23,9,32.0,0.19,8,Rain,78<br />
2012-02-08,62,53,43,52,49,43,100,86,72,30.27,30.23,30.13,10,6,0,13,4,15.0,0.00,4,Fog,301<br />
2012-02-09,65,54,42,53,49,43,100,84,67,30.29,30.24,30.16,10,10,10,29,4,79.0,0.00,3,Fog,314<br />
2012-02-10,61,52,42,55,50,43,100,89,77,30.22,30.17,30.1,10,10,6,17,5,24.0,T,5,Rain,228<br />
2012-02-11,56,53,50,52,49,46,100,89,77,30.1,30.08,30.04,10,10,7,18,11,22.0,0.02,6,Rain,264<br />
2012-02-12,56,52,48,50,46,41,93,83,72,30.1,30.06,29.99,10,10,9,20,7,23.0,0.03,7,Rain,221<br />
2012-02-13,57,50,43,48,44,40,93,77,61,30.03,29.97,29.92,10,8,2,31,14,39.0,0.08,6,Rain,295<br />
2012-02-14,56,48,39,47,42,38,93,77,61,30.14,30.09,30.03,10,10,10,22,7,25.0,0.00,3,,270<br />
2012-02-15,60,52,43,50,34,21,83,53,23,30.17,30.12,30.07,10,9,3,28,11,32.0,0.05,2,Rain,321<br />
2012-02-16,65,53,40,49,36,24,100,62,24,30.28,30.23,30.19,10,10,10,14,6,18.0,0.00,1,,300<br />
2012-02-17,57,49,40,54,49,40,100,89,77,30.3,30.24,30.2,10,10,10,16,6,18.0,0.00,4,,270<br />
2012-02-18,60,54,47,52,46,36,100,79,57,30.24,30.18,30.12,10,10,9,24,8,38.0,0.00,5,,276<br />
2012-02-19,54,47,39,45,39,35,92,73,54,30.18,30.14,30.1,10,10,10,28,6,79.0,0.00,4,,259<br />
2012-02-20,60,53,46,52,47,39,100,88,76,30.25,30.17,30.12,10,10,7,12,6,15.0,0.02,6,Rain,297<br />
2012-02-21,60,51,42,53,47,42,100,86,72,30.34,30.28,30.24,10,9,2,8,2,12.0,0.00,6,,183<br />
2012-02-22,72,57,42,55,50,42,100,71,41,30.3,30.22,30.12,10,10,9,15,4,26.0,0.00,2,,274<br />
2012-02-23,72,57,42,49,45,34,100,63,25,30.11,30.04,29.97,10,10,7,18,7,28.0,0.00,1,,284<br />
2012-02-24,69,56,43,49,38,27,83,52,21,30.22,30.09,30.01,10,10,9,21,8,,0.00,1,,287<br />
2012-02-25,60,53,45,45,36,30,83,58,33,30.35,30.27,30.21,10,10,10,23,11,32.0,0.00,2,,318<br />
2012-02-26,54,44,34,40,35,25,92,62,32,30.2,30.02,29.88,10,10,10,26,8,31.0,0.00,4,,268<br />
2012-02-27,53,45,37,40,37,34,100,75,50,30.0,29.88,29.85,10,10,10,15,7,17.0,0.00,3,,257<br />
2012-02-28,55,46,37,45,37,32,100,73,45,30.27,30.18,30.01,10,10,10,26,13,32.0,T,5,Rain,226<br />
2012-02-29,57,53,48,52,46,40,100,80,59,30.28,30.17,30.07,10,8,2,26,14,31.0,0.36,7,Rain,254<br />
2012-03-01,55,48,41,48,45,39,100,83,66,30.28,30.25,30.21,10,8,2,25,12,36.0,0.06,5,Rain,254<br />
2012-03-02,60,47,34,40,36,30,100,67,33,30.38,30.33,30.29,10,10,10,14,4,16.0,0.00,1,,263<br />
2012-03-03,74,56,37,47,39,32,85,54,22,30.37,30.31,30.25,10,10,10,18,6,41.0,0.00,0,,345<br />
2012-03-04,69,55,40,49,45,39,96,69,42,30.26,30.16,30.07,10,10,10,14,4,20.0,0.00,0,,288<br />
2012-03-05,58,49,40,48,46,41,100,81,62,30.12,30.08,30.04,10,9,0,22,10,25.0,0.00,3,Fog,295<br />
2012-03-06,57,51,45,50,38,26,93,64,35,30.08,30.01,29.96,10,9,2,31,18,52.0,0.01,3,Rain,297<br />
2012-03-07,63,52,41,42,28,20,76,50,23,30.21,30.16,30.09,10,10,10,15,7,79.0,0.00,0,,312<br />
2012-03-08,66,52,37,45,36,23,85,53,21,30.35,30.3,30.22,10,10,10,10,5,,0.00,0,,268<br />
2012-03-09,69,54,39,45,42,37,92,64,35,30.36,30.27,30.17,10,10,10,20,7,31.0,0.00,0,,293<br />
2012-03-10,58,52,46,48,45,42,93,80,67,30.17,30.09,30.03,10,10,10,18,10,22.0,0.00,6,,269<br />
2012-03-11,58,51,44,48,44,42,86,72,57,30.1,30.06,30.04,10,10,8,16,8,18.0,0.00,5,,241<br />
2012-03-12,60,50,39,47,42,37,100,72,44,30.07,30.02,29.96,10,10,10,23,9,28.0,T,4,,162<br />
2012-03-13,56,54,52,53,51,46,100,86,72,30.01,29.97,29.91,10,8,3,25,19,32.0,0.73,8,Rain,161<br />
2012-03-14,58,56,54,55,53,51,100,93,86,30.14,30.08,29.99,10,5,2,21,13,24.0,1.68,8,Rain,155<br />
2012-03-15,61,58,55,58,55,53,100,92,84,30.17,30.13,30.08,10,8,2,20,7,22.0,0.05,7,Rain,204<br />
2012-03-16,58,54,49,57,54,44,100,90,80,30.08,29.9,29.75,10,7,2,44,13,30.0,0.66,8,Rain,196<br />
2012-03-17,52,46,40,45,42,37,100,82,63,29.75,29.62,29.56,10,10,10,31,12,39.0,T,6,Rain,309<br />
2012-03-18,54,50,45,39,35,28,83,62,41,29.97,29.82,29.68,10,10,9,31,20,56.0,0.01,4,,293<br />
2012-03-19,54,45,36,37,33,28,85,63,41,30.12,30.04,29.96,10,10,10,14,5,16.0,0.00,6,,286<br />
2012-03-20,62,56,49,49,43,37,89,68,47,30.22,30.18,30.12,10,10,10,22,4,26.0,0.00,7,,283<br />
2012-03-21,67,56,45,52,49,44,100,76,52,30.19,30.1,30.02,10,10,10,15,4,17.0,T,5,,267<br />
2012-03-22,59,53,47,54,46,32,100,71,41,30.04,30.01,29.97,10,10,7,28,15,38.0,T,6,Rain,260<br />
2012-03-23,58,49,40,40,37,34,86,63,40,30.12,30.03,29.91,10,10,10,20,9,26.0,0.00,5,,195<br />
2012-03-24,54,49,44,45,41,29,100,69,38,29.94,29.89,29.84,10,7,2,28,7,33.0,0.96,8,Rain,84<br />
2012-03-25,58,50,41,47,42,35,86,72,57,29.92,29.85,29.82,10,10,6,16,7,20.0,0.24,6,Rain,32<br />
2012-03-26,59,52,45,44,42,40,93,74,55,30.12,30.05,29.94,10,10,10,18,11,22.0,0.00,5,,191<br />
2012-03-27,59,55,50,54,48,41,100,81,61,30.06,29.96,29.9,10,8,2,28,19,33.0,0.82,8,Rain,153<br />
2012-03-28,63,57,50,55,52,48,100,82,64,30.14,30.07,29.98,10,10,6,15,7,,0.03,6,Rain,208<br />
2012-03-29,61,55,49,54,51,47,100,80,60,30.17,30.13,30.09,10,8,5,18,6,21.0,0.00,6,,304<br />
2012-03-30,63,58,52,57,54,52,100,86,72,30.13,30.03,29.93,10,10,7,17,8,21.0,0.00,7,,188<br />
2012-03-31,60,54,48,55,49,41,100,77,53,30.06,29.86,29.74,10,7,0,35,20,40.0,0.63,7,Fog-Rain,218<br />
2012-04-01,59,52,45,48,41,35,80,62,43,30.3,30.22,30.07,10,10,4,28,14,33.0,0.00,2,Rain,306<br />
2012-04-02,63,52,41,47,43,39,96,71,46,30.27,30.17,30.09,10,10,10,20,8,25.0,0.00,4,Fog,281<br />
2012-04-03,63,56,49,54,47,41,89,72,55,30.14,30.09,30.03,10,10,6,26,9,64.0,T,5,Rain,263<br />
2012-04-04,59,52,45,41,38,35,82,65,47,30.23,30.19,30.15,10,10,10,28,12,52.0,0.00,2,,299<br />
2012-04-05,57,49,41,38,34,30,70,56,41,30.21,30.16,30.12,10,10,10,25,12,39.0,0.00,1,,301<br />
2012-04-06,59,48,36,42,37,33,92,66,40,30.3,30.24,30.18,10,10,10,16,7,24.0,0.00,1,,301<br />
2012-04-07,65,52,38,43,37,21,82,51,19,30.19,30.11,30.05,10,10,10,15,6,79.0,0.00,3,,291<br />
2012-04-08,63,51,39,45,41,36,92,68,43,30.09,30.06,30.03,10,10,10,21,6,0.0,0.00,5,,297<br />
2012-04-09,64,54,44,47,42,28,100,64,27,30.03,29.95,29.84,10,10,10,31,8,37.0,0.00,7,,245<br />
2012-04-10,57,55,52,54,51,42,100,81,61,29.91,29.87,29.83,10,8,3,17,7,20.0,0.46,8,Rain,169<br />
2012-04-11,61,56,51,52,49,45,100,79,57,30.01,29.9,29.83,10,9,3,24,13,29.0,0.11,6,Rain,219<br />
2012-04-12,61,55,48,56,48,44,100,78,55,30.06,29.94,29.84,10,7,1,35,14,78.0,1.20,7,Rain-Thunderstorm,187<br />
2012-04-13,57,52,47,49,46,39,100,76,51,29.89,29.79,29.74,10,8,2,31,16,36.0,1.04,6,Rain,269<br />
2012-04-14,61,54,47,52,43,37,100,76,51,30.17,30.03,29.9,10,10,9,21,12,28.0,0.00,2,,279<br />
2012-04-15,62,55,47,53,51,50,100,86,72,30.25,30.22,30.17,10,10,9,18,8,26.0,0.00,5,,260<br />
2012-04-16,62,56,50,54,50,45,100,76,52,30.27,30.23,30.21,10,10,10,17,8,18.0,0.00,4,,267<br />
2012-04-17,62,57,52,56,54,49,100,90,80,30.22,30.17,30.12,10,10,10,20,9,32.0,0.00,6,,272<br />
2012-04-18,66,59,51,58,53,47,100,80,60,30.19,30.16,30.12,10,10,10,21,11,37.0,0.00,5,,270<br />
2012-04-19,68,61,54,64,58,54,100,91,81,30.19,30.15,30.09,10,10,10,15,6,18.0,0.00,3,,260<br />
2012-04-20,79,67,54,64,57,53,100,74,47,30.1,30.03,29.97,10,10,10,13,5,15.0,0.00,0,,288<br />
2012-04-21,83,69,54,65,57,51,100,72,43,29.99,29.92,29.85,10,10,10,14,5,17.0,0.00,0,,296<br />
2012-04-22,66,60,54,63,56,51,100,89,78,29.93,29.9,29.88,10,10,10,21,10,36.0,0.00,2,,318<br />
2012-04-23,67,61,55,59,56,54,100,82,63,30.02,29.96,29.92,10,10,10,31,14,78.0,0.00,7,,240<br />
2012-04-24,69,63,56,59,56,54,100,79,57,30.06,30.02,29.97,10,10,10,20,8,30.0,0.00,6,,280<br />
2012-04-25,69,62,55,61,57,55,100,82,63,30.02,29.87,29.8,10,9,2,20,7,28.0,0.14,7,Rain,263<br />
2012-04-26,62,57,51,59,52,43,100,74,48,30.22,29.95,29.79,10,9,2,26,17,33.0,0.03,6,Rain,264<br />
2012-04-27,67,56,45,53,45,37,100,70,39,30.25,30.21,30.16,10,10,9,21,10,32.0,0.00,2,,302<br />
2012-04-28,67,58,48,57,50,41,100,76,52,30.15,30.03,29.93,10,10,9,17,6,61.0,0.00,1,,255<br />
2012-04-29,73,62,50,57,52,45,100,77,53,29.95,29.92,29.88,10,10,8,20,6,53.0,0.00,1,,283<br />
2012-04-30,68,59,50,60,53,48,100,79,58,29.99,29.96,29.93,10,10,8,26,10,66.0,0.00,3,,278<br />
2012-05-01,61,56,51,52,48,46,93,77,60,29.96,29.94,29.91,10,10,9,24,11,33.0,0.00,4,,247<br />
2012-05-02,59,54,49,50,46,43,96,79,61,30.02,29.98,29.92,10,10,10,24,13,,0.00,5,,256<br />
2012-05-03,61,55,49,58,52,44,100,85,69,30.11,30.06,29.99,10,10,10,16,10,22.0,0.01,7,Rain,220<br />
2012-05-04,64,57,49,52,47,44,100,74,48,30.23,30.18,30.11,10,10,10,20,10,33.0,0.00,3,,275<br />
2012-05-05,72,59,45,54,47,38,100,66,31,30.22,30.16,30.07,10,10,9,22,8,39.0,0.00,0,,314<br />
2012-05-06,80,64,48,57,48,37,93,58,23,30.08,30.05,30.01,10,10,10,20,6,22.0,0.00,1,,285<br />
2012-05-07,80,65,49,56,51,43,100,64,28,30.04,30.0,29.96,10,10,9,17,7,20.0,0.00,0,,289<br />
2012-05-08,76,63,49,58,52,47,100,69,38,29.99,29.96,29.92,10,9,6,15,7,17.0,0.00,2,,286<br />
2012-05-09,66,58,49,55,51,49,100,78,56,29.98,29.95,29.93,10,8,6,20,9,30.0,0.00,0,Fog,292<br />
2012-05-10,76,62,48,54,49,41,100,67,34,29.95,29.91,29.86,10,8,6,35,7,151.0,0.00,2,,294<br />
2012-05-11,77,63,48,54,50,48,100,69,38,30.0,29.93,29.88,10,9,6,21,6,38.0,0.00,1,,316<br />
2012-05-12,68,59,50,56,51,48,100,76,52,30.07,30.04,29.99,10,10,8,21,9,75.0,0.00,3,Fog,314<br />
2012-05-13,65,58,50,55,51,47,100,80,60,30.1,30.08,30.05,10,10,9,30,11,83.0,0.00,5,,292<br />
2012-05-14,67,61,54,55,51,45,100,74,48,30.11,30.08,30.05,10,10,8,16,9,28.0,0.00,4,,243<br />
2012-05-15,61,57,52,54,52,51,100,86,72,30.09,30.06,30.02,10,10,7,62,11,83.0,0.00,6,,271<br />
2012-05-16,60,56,51,55,52,49,100,90,80,30.06,30.02,29.97,10,8,5,33,10,81.0,0.00,7,,281<br />
2012-05-17,61,56,51,54,52,50,100,86,72,29.99,29.94,29.88,10,7,5,32,15,87.0,0.00,5,,252<br />
2012-05-18,67,57,47,52,49,45,100,73,45,30.0,29.97,29.94,10,9,6,21,7,30.0,0.00,1,,264<br />
2012-05-19,69,59,49,51,48,43,100,71,42,30.01,29.98,29.96,10,10,7,17,8,62.0,0.00,1,,261<br />
2012-05-20,72,61,50,54,50,47,100,72,44,30.05,29.99,29.96,10,10,10,21,8,29.0,0.00,1,,275<br />
2012-05-21,63,58,52,58,54,48,100,85,69,30.12,30.09,30.04,10,10,10,52,10,109.0,0.00,7,,267<br />
2012-05-22,66,60,53,59,53,48,100,78,56,30.15,30.12,30.06,10,10,5,28,13,45.0,0.00,4,Fog,277<br />
2012-05-23,68,59,50,51,48,46,89,69,48,30.06,30.0,29.94,10,10,10,22,10,29.0,0.00,1,,274<br />
2012-05-24,68,59,49,49,47,44,93,73,52,29.93,29.84,29.76,10,10,8,30,14,40.0,0.00,1,,275<br />
2012-05-25,64,57,50,49,45,41,89,67,44,29.86,29.79,29.74,10,10,9,26,16,36.0,T,4,,258<br />
2012-05-26,60,55,50,49,48,47,89,77,64,30.12,29.97,29.86,10,10,7,22,14,43.0,0.00,6,,225<br />
2012-05-27,61,57,52,50,48,47,89,75,60,30.19,30.14,30.11,10,10,10,17,11,29.0,0.00,6,,260<br />
2012-05-28,63,58,52,52,49,45,96,76,56,30.11,30.09,30.05,10,10,10,22,14,81.0,0.00,5,,256<br />
2012-05-29,64,58,51,49,47,46,83,70,56,30.11,30.07,30.06,10,10,10,18,9,22.0,0.00,4,,263<br />
2012-05-30,64,57,50,51,49,48,89,73,56,30.13,30.09,30.05,10,10,10,21,8,21.0,0.00,3,,269<br />
2012-05-31,76,66,56,53,51,47,93,67,41,30.06,29.97,29.87,10,10,7,17,8,24.0,0.00,1,,303<br />
2012-06-01,71,62,53,55,53,51,100,79,57,29.88,29.85,29.81,10,10,8,21,10,44.0,0.00,1,,287<br />
2012-06-02,65,59,52,54,52,50,100,84,67,30.0,29.95,29.87,10,10,9,23,14,29.0,T,6,,262<br />
2012-06-03,66,59,51,51,50,48,96,78,60,29.98,29.96,29.92,10,10,7,24,11,37.0,T,5,,263<br />
2012-06-04,61,57,52,56,52,48,93,80,67,30.13,30.01,29.93,10,9,4,28,14,31.0,0.09,6,Rain,273<br />
2012-06-05,66,58,50,48,45,41,89,69,48,30.21,30.16,30.14,10,10,10,25,15,29.0,0.00,2,,282<br />
2012-06-06,66,57,47,48,46,43,83,66,48,30.13,30.07,30.0,10,10,10,20,8,32.0,0.00,1,,260<br />
2012-06-07,67,58,49,54,51,46,89,74,58,30.05,30.02,30.0,10,10,10,24,9,29.0,0.00,2,,257<br />
2012-06-08,68,59,49,51,47,44,100,71,42,30.02,29.98,29.94,10,10,10,23,9,28.0,0.00,1,,264<br />
2012-06-09,76,62,47,52,46,38,86,59,31,30.01,29.95,29.88,10,10,10,24,9,26.0,0.00,0,,296<br />
2012-06-10,82,66,50,54,47,35,86,53,20,29.91,29.89,29.87,10,10,10,15,5,28.0,0.00,0,,280<br />
2012-06-11,83,68,53,55,50,44,89,59,28,29.98,29.94,29.89,10,10,9,21,7,23.0,0.00,0,Fog,290<br />
2012-06-12,72,61,49,55,53,49,93,75,57,29.99,29.96,29.93,10,9,7,21,8,23.0,0.00,1,,270<br />
2012-06-13,65,58,51,52,50,49,100,82,63,29.95,29.87,29.79,10,10,9,20,9,22.0,0.00,3,,261<br />
2012-06-14,65,58,51,50,49,47,89,75,60,29.84,29.82,29.8,10,8,6,20,11,37.0,0.00,1,,241<br />
2012-06-15,73,61,48,52,49,46,89,67,44,29.84,29.82,29.79,10,9,7,18,8,22.0,0.00,2,,269<br />
2012-06-16,85,69,52,59,55,50,96,68,39,29.86,29.82,29.77,10,10,8,17,5,21.0,0.00,3,,297<br />
2012-06-17,73,63,53,55,54,52,100,77,53,29.9,29.87,29.79,10,10,9,24,12,29.0,0.00,2,,324<br />
2012-06-18,65,59,52,53,51,48,100,80,60,29.94,29.9,29.86,10,10,9,20,9,22.0,0.00,4,,287<br />
2012-06-19,71,60,49,52,50,46,93,73,53,29.93,29.88,29.84,10,9,6,22,8,33.0,0.00,1,,309<br />
2012-06-20,81,66,50,55,52,50,96,69,42,29.86,29.84,29.81,10,9,6,22,8,38.0,0.00,0,,298<br />
2012-06-21,58,55,51,51,49,47,96,87,77,30.0,29.94,29.84,10,10,6,23,14,30.0,0.00,6,,259<br />
2012-06-22,66,59,51,55,51,46,93,78,63,29.99,29.94,29.89,10,10,10,24,12,37.0,T,7,,267<br />
2012-06-23,66,59,52,50,48,45,89,69,48,29.97,29.92,29.88,10,10,10,21,12,25.0,0.00,3,,279<br />
2012-06-24,68,61,53,49,47,45,83,64,45,30.07,30.02,29.97,10,10,10,22,10,25.0,0.00,1,,274<br />
2012-06-25,68,61,54,53,50,47,83,66,48,30.11,30.08,30.06,10,10,10,20,10,35.0,0.00,3,,267<br />
2012-06-26,71,60,48,53,49,45,89,67,45,30.08,30.0,29.91,10,10,10,22,9,38.0,0.00,2,,271<br />
2012-06-27,71,61,51,53,51,49,96,72,47,29.98,29.93,29.9,10,10,10,20,8,23.0,0.00,1,,280<br />
2012-06-28,69,61,53,54,53,51,93,76,59,30.11,30.05,29.98,10,10,7,24,11,31.0,0.00,4,,271<br />
2012-06-29,68,62,56,57,55,54,100,84,68,30.14,30.09,30.05,10,10,10,22,12,28.0,0.00,6,,265<br />
2012-06-30,70,64,57,61,58,56,100,83,66,30.05,30.0,29.97,10,9,5,20,12,28.0,T,6,,265<br />
2012-07-01,66,62,57,59,57,55,100,87,73,29.99,29.96,29.91,10,10,10,18,12,21.0,0.00,7,,258<br />
2012-07-02,66,61,55,56,53,51,93,78,63,29.94,29.91,29.88,10,10,8,23,13,28.0,0.00,5,Fog,256<br />
2012-07-03,70,62,53,54,52,50,86,71,55,29.94,29.9,29.85,10,10,7,23,7,33.0,0.00,2,,268<br />
2012-07-04,72,62,52,55,52,50,96,75,53,29.92,29.87,29.84,10,9,7,20,9,29.0,0.00,2,,291<br />
2012-07-05,65,60,55,52,51,49,86,75,63,30.03,29.98,29.92,10,10,10,20,12,24.0,0.00,5,,244<br />
2012-07-06,69,62,54,54,52,51,93,76,58,30.05,30.02,29.99,10,10,7,16,8,26.0,0.00,4,,267<br />
2012-07-07,75,64,52,54,53,51,93,71,49,30.01,29.98,29.95,10,10,10,18,9,31.0,0.00,1,,293<br />
2012-07-08,65,59,53,54,53,51,93,80,67,30.06,30.03,30.0,10,10,10,18,11,35.0,0.00,5,,281<br />
2012-07-09,65,60,54,54,53,52,93,80,67,30.08,30.04,29.99,10,10,7,17,8,30.0,0.00,5,,275<br />
2012-07-10,74,64,53,55,53,51,93,71,49,29.99,29.93,29.84,10,9,4,20,7,25.0,0.00,3,,299<br />
2012-07-11,77,65,53,55,53,52,100,73,46,29.91,29.86,29.81,10,9,8,18,10,32.0,0.00,1,Fog,301<br />
2012-07-12,69,61,52,55,53,51,93,76,59,29.89,29.86,29.83,10,10,9,24,10,35.0,0.00,2,,299<br />
2012-07-13,61,57,52,53,52,50,93,83,72,29.96,29.93,29.88,10,9,6,22,13,29.0,T,6,,263<br />
2012-07-14,69,62,54,55,52,51,93,76,59,29.98,29.94,29.91,10,10,7,20,10,28.0,T,5,,265<br />
2012-07-15,67,61,54,55,54,52,93,78,63,29.94,29.9,29.86,10,10,9,22,9,31.0,0.00,4,Fog,283<br />
2012-07-16,67,62,57,55,53,50,86,72,58,29.95,29.9,29.84,10,10,6,26,16,30.0,0.01,6,Rain,239<br />
2012-07-17,69,63,56,55,53,50,93,74,55,30.02,29.96,29.93,10,10,5,18,10,29.0,0.02,6,Rain,252<br />
2012-07-18,68,63,57,54,52,50,86,71,56,30.04,30.01,29.99,10,10,10,17,9,21.0,0.00,5,,286<br />
2012-07-19,71,63,55,56,54,53,93,75,57,30.07,30.03,29.99,10,10,10,18,9,25.0,0.00,5,,278<br />
2012-07-20,74,66,57,57,55,54,93,73,53,30.11,30.05,29.99,10,10,10,20,9,22.0,0.00,4,,259<br />
2012-07-21,83,69,54,59,55,52,93,67,40,30.01,29.95,29.88,10,10,10,18,8,21.0,0.00,0,,294<br />
2012-07-22,71,63,54,56,54,52,93,75,57,29.94,29.91,29.87,10,9,7,22,10,35.0,0.00,3,,310<br />
2012-07-23,74,65,55,55,54,52,93,71,49,29.95,29.93,29.9,10,10,9,20,8,23.0,0.00,3,,295<br />
2012-07-24,70,62,54,55,54,53,93,75,57,29.99,29.95,29.93,10,9,7,20,9,33.0,0.00,3,,330<br />
2012-07-25,69,63,57,55,54,53,87,73,59,30.01,29.98,29.96,10,10,7,21,9,31.0,0.00,5,,309<br />
2012-07-26,68,62,55,54,53,51,86,72,58,30.01,29.99,29.96,10,10,10,20,10,23.0,0.00,6,,286<br />
2012-07-27,68,62,55,55,53,51,93,78,63,30.05,30.02,29.99,10,10,9,18,10,22.0,0.00,5,,284<br />
2012-07-28,67,62,56,55,54,52,93,78,63,30.08,30.05,30.02,10,10,10,21,12,25.0,T,5,,262<br />
2012-07-29,69,62,55,55,53,52,93,78,63,30.08,30.03,29.99,10,10,8,20,8,24.0,T,5,,253<br />
2012-07-30,77,66,55,57,55,52,93,72,50,30.01,29.96,29.89,10,10,6,17,7,20.0,0.00,4,,266<br />
2012-07-31,70,62,53,55,54,51,93,75,57,30.01,29.97,29.94,10,10,7,18,9,,0.00,1,,314<br />
2012-08-01,71,62,52,55,53,50,96,77,57,30.07,30.02,29.99,10,9,7,21,9,30.0,0.00,3,Fog,326<br />
2012-08-02,72,63,54,55,54,52,100,77,53,30.02,29.97,29.91,10,8,3,21,10,44.0,0.00,5,,310<br />
2012-08-03,67,61,55,55,54,52,93,78,63,29.93,29.89,29.84,10,10,8,20,9,24.0,0.00,6,,322<br />
2012-08-04,65,60,55,57,54,52,93,83,72,30.01,29.94,29.86,10,10,10,17,10,22.0,T,7,,275<br />
2012-08-05,69,63,57,57,55,52,90,75,59,30.11,30.05,29.99,10,10,7,20,11,26.0,T,5,,281<br />
2012-08-06,73,65,57,55,53,52,84,69,53,30.15,30.1,30.05,10,10,10,20,9,22.0,0.00,3,,274<br />
2012-08-07,70,62,53,55,54,52,93,75,57,30.09,30.05,30.0,10,10,10,21,9,29.0,0.00,1,,294<br />
2012-08-08,76,64,51,55,53,49,93,70,46,30.03,29.98,29.93,10,10,10,17,7,18.0,0.00,1,,280<br />
2012-08-09,76,64,52,56,54,50,96,73,50,29.96,29.91,29.85,10,10,7,17,8,29.0,0.00,2,,301<br />
2012-08-10,72,63,53,55,53,52,100,77,53,29.87,29.83,29.78,10,9,6,21,10,22.0,0.00,1,,306<br />
2012-08-11,75,63,51,56,54,50,100,77,53,29.84,29.79,29.75,10,9,4,18,8,22.0,0.00,3,Fog,308<br />
2012-08-12,70,63,55,55,54,52,93,76,59,29.88,29.85,29.81,10,10,10,17,9,25.0,0.00,3,,304<br />
2012-08-13,73,64,55,56,54,53,93,73,53,29.88,29.83,29.79,10,10,9,16,9,20.0,0.00,1,,309<br />
2012-08-14,68,61,54,56,55,52,93,81,68,29.85,29.82,29.8,10,10,7,21,11,25.0,0.00,3,,312<br />
2012-08-15,68,63,57,56,54,53,93,78,63,29.92,29.87,29.82,10,9,6,20,10,24.0,0.00,4,,303<br />
2012-08-16,71,64,56,57,55,54,93,75,57,29.99,29.94,29.9,10,9,7,17,9,21.0,0.00,5,Fog,291<br />
2012-08-17,67,62,56,56,55,54,93,81,68,30.02,29.98,29.94,10,10,8,21,9,24.0,0.00,6,,272<br />
2012-08-18,69,63,56,55,54,53,93,78,63,29.99,29.96,29.94,10,10,10,20,10,25.0,0.00,5,,279<br />
2012-08-19,65,60,55,54,53,52,93,80,67,30.01,29.97,29.93,10,10,10,20,9,22.0,0.00,5,,281<br />
2012-08-20,66,60,54,54,53,51,93,78,63,29.98,29.94,29.89,10,9,6,17,8,24.0,0.00,5,,284<br />
2012-08-21,66,61,55,55,53,52,93,78,63,29.96,29.93,29.89,10,10,7,20,10,24.0,0.00,6,,273<br />
2012-08-22,66,61,55,56,54,52,93,80,67,29.97,29.94,29.91,10,9,7,18,11,25.0,0.00,6,,278<br />
2012-08-23,67,60,52,56,55,52,100,84,68,29.97,29.92,29.87,10,9,5,20,8,25.0,0.00,5,Fog,314<br />
2012-08-24,71,61,51,55,54,50,100,79,57,29.93,29.89,29.86,10,9,5,20,8,24.0,0.00,3,,317<br />
2012-08-25,66,61,56,54,52,51,93,78,63,29.91,29.88,29.84,10,9,7,21,10,45.0,0.00,6,,295<br />
2012-08-26,68,63,57,54,51,50,80,68,56,30.02,29.97,29.89,10,10,10,22,13,26.0,0.00,4,,264<br />
2012-08-27,76,66,56,60,56,53,87,74,60,30.07,30.02,29.96,10,10,10,16,6,18.0,0.00,4,,263<br />
2012-08-28,76,65,54,58,55,52,93,72,50,30.04,29.99,29.96,10,10,10,17,6,20.0,0.00,0,,269<br />
2012-08-29,84,67,50,57,54,50,100,67,34,29.96,29.88,29.8,10,10,7,17,6,21.0,0.00,0,,293<br />
2012-08-30,67,60,53,55,54,52,93,78,63,29.88,29.84,29.79,10,9,6,21,10,25.0,0.00,3,,286<br />
2012-08-31,63,60,57,54,52,51,86,77,67,30.0,29.95,29.89,10,9,6,20,14,26.0,T,8,Rain,252<br />
2012-09-01,66,59,51,54,52,51,93,76,58,30.06,30.02,29.99,10,10,7,18,9,23.0,0.00,5,Fog,262<br />
2012-09-02,77,63,49,56,53,48,100,73,46,30.01,29.97,29.91,10,8,5,17,5,18.0,0.00,2,,312<br />
2012-09-03,77,64,50,56,54,51,93,70,46,29.98,29.95,29.91,10,9,6,18,7,23.0,0.00,0,Fog,318<br />
2012-09-04,67,60,52,55,53,50,100,79,58,30.05,30.01,29.98,10,10,7,18,8,31.0,0.00,4,Fog,307<br />
2012-09-05,65,60,55,54,53,52,93,80,67,30.02,29.99,29.95,10,9,6,16,7,29.0,T,7,,302<br />
2012-09-06,68,61,54,54,52,50,93,74,55,30.04,29.99,29.97,10,10,8,20,9,40.0,0.00,4,,296<br />
2012-09-07,71,62,52,52,51,49,89,71,53,30.11,30.06,30.03,10,10,10,17,10,20.0,0.00,1,,293<br />
2012-09-08,66,60,54,52,51,50,83,73,63,30.1,30.05,30.0,10,10,10,18,12,22.0,0.00,3,,270<br />
2012-09-09,69,61,52,55,52,48,93,75,57,30.02,29.98,29.94,10,10,8,17,8,23.0,0.00,3,,264<br />
2012-09-10,75,65,54,55,53,50,93,71,49,29.95,29.91,29.84,10,9,7,16,7,20.0,0.00,3,,261<br />
2012-09-11,71,61,51,55,53,49,93,75,57,29.98,29.92,29.86,10,8,4,20,7,22.0,0.00,1,,327<br />
2012-09-12,68,62,55,56,55,53,93,80,67,30.09,30.03,29.98,10,8,5,16,7,22.0,0.00,4,,316<br />
2012-09-13,70,63,55,55,54,53,93,77,61,30.12,30.07,30.03,10,8,3,18,7,21.0,0.00,5,,299<br />
2012-09-14,68,62,55,54,53,52,93,78,63,30.13,30.08,30.04,10,9,6,17,10,23.0,0.00,4,,292<br />
2012-09-15,67,60,53,54,52,51,93,76,58,30.13,30.08,30.01,10,10,10,16,8,30.0,0.00,4,,291<br />
2012-09-16,67,59,51,53,51,50,100,79,58,30.07,30.03,29.99,10,10,7,20,7,29.0,0.00,5,,302<br />
2012-09-17,65,60,54,52,51,50,93,77,60,30.09,30.05,30.01,10,10,7,18,9,32.0,0.00,5,,287<br />
2012-09-18,65,59,52,54,50,48,89,75,60,30.14,30.09,30.05,10,10,10,18,11,24.0,0.00,5,,274<br />
2012-09-19,65,60,54,52,51,50,93,78,63,30.15,30.1,30.07,10,10,10,20,14,28.0,0.00,4,,262<br />
2012-09-20,64,57,50,52,51,48,93,78,63,30.1,30.06,30.01,10,10,10,17,9,26.0,0.00,4,,257<br />
2012-09-21,71,60,48,53,51,48,100,77,53,30.02,29.97,29.92,10,9,8,18,6,20.0,0.00,4,,282<br />
2012-09-22,75,61,47,54,51,47,100,73,46,29.95,29.92,29.88,10,10,9,18,5,22.0,0.00,1,,308<br />
2012-09-23,72,60,48,54,53,48,100,77,53,29.97,29.94,29.91,10,10,9,18,7,22.0,0.00,3,,296<br />
2012-09-24,68,59,50,55,53,50,100,80,59,29.99,29.94,29.9,10,10,8,14,7,17.0,0.00,2,,316<br />
2012-09-25,68,58,48,55,52,48,100,84,67,29.95,29.91,29.87,10,8,4,21,6,79.0,0.00,4,,306<br />
2012-09-26,65,58,51,54,52,51,100,84,67,29.93,29.9,29.85,10,8,5,20,8,26.0,0.00,4,,280<br />
2012-09-27,72,62,52,56,53,51,100,79,57,29.96,29.91,29.85,10,7,2,17,6,20.0,0.00,4,Fog,308<br />
2012-09-28,61,57,52,54,53,52,100,89,78,29.99,29.94,29.89,10,8,4,23,8,38.0,0.00,7,,314<br />
2012-09-29,69,61,53,55,54,52,100,81,61,30.06,30.02,29.98,10,9,7,17,6,22.0,0.00,4,Fog,287<br />
2012-09-30,88,68,48,56,52,47,100,66,31,30.08,30.02,29.96,10,10,10,14,3,17.0,0.00,0,,296<br />
2012-10-01,91,72,52,58,51,33,100,58,15,30.01,29.95,29.89,10,10,8,14,4,32.0,0.00,0,,294<br />
2012-10-02,95,75,54,57,48,37,78,48,17,29.89,29.84,29.78,10,10,10,15,4,17.0,0.00,1,,310<br />
2012-10-03,80,70,59,58,56,52,84,65,45,30.01,29.89,29.81,10,10,9,20,7,25.0,0.00,1,,323<br />
2012-10-04,70,63,56,55,54,52,93,76,59,30.16,30.09,30.01,10,9,6,20,10,22.0,0.00,4,,289<br />
2012-10-05,69,62,55,57,55,54,93,77,61,30.17,30.13,30.09,10,10,10,17,8,25.0,0.00,6,,271<br />
2012-10-06,71,61,51,56,52,49,100,74,47,30.09,30.04,29.99,10,10,7,17,7,24.0,0.00,3,,277<br />
2012-10-07,69,61,52,54,53,50,93,76,59,30.04,30.0,29.96,10,10,10,16,7,26.0,0.00,4,,260<br />
2012-10-08,70,60,49,55,52,47,89,73,57,30.06,30.04,30.02,10,10,10,17,7,20.0,0.00,2,,278<br />
2012-10-09,71,63,55,55,53,52,86,72,57,30.05,30.01,29.95,10,10,10,16,6,21.0,0.00,5,,279<br />
2012-10-10,66,59,51,54,53,51,100,84,67,29.99,29.95,29.91,10,10,10,18,8,22.0,T,6,,282<br />
2012-10-11,59,57,55,54,52,50,93,85,77,29.99,29.95,29.92,10,10,5,17,11,26.0,T,7,Rain,258<br />
2012-10-12,66,58,50,54,51,48,93,75,56,30.24,30.1,29.97,10,10,7,13,6,29.0,0.02,6,Rain,287<br />
2012-10-13,72,59,45,56,51,46,100,77,53,30.32,30.25,30.19,10,10,10,18,5,21.0,0.00,2,,267<br />
2012-10-14,70,64,58,59,57,54,97,82,66,30.24,30.18,30.09,10,6,2,16,4,17.0,0.00,6,,265<br />
2012-10-15,73,66,59,60,58,57,93,77,61,30.11,30.06,29.98,10,8,0,15,4,20.0,0.00,5,Fog,249<br />
2012-10-16,74,65,56,62,60,55,100,83,66,30.02,29.97,29.89,10,10,8,13,5,15.0,0.00,2,,195<br />
2012-10-17,82,67,51,57,49,40,100,63,26,29.93,29.88,29.82,10,10,8,10,3,13.0,0.00,0,,319<br />
2012-10-18,87,71,54,64,53,41,84,55,25,30.03,29.95,29.88,10,10,10,17,6,30.0,0.00,1,,224<br />
2012-10-19,69,63,57,63,60,54,93,83,73,30.07,30.01,29.95,10,10,10,15,8,32.0,0.00,7,,302<br />
2012-10-20,69,61,53,56,53,49,93,76,58,29.95,29.89,29.83,10,10,9,24,7,28.0,0.00,5,,258<br />
2012-10-21,64,58,52,51,46,42,80,62,44,29.96,29.9,29.86,10,10,10,22,12,28.0,0.05,4,Rain,239<br />
2012-10-22,65,58,51,54,51,45,100,74,48,29.94,29.84,29.74,10,8,2,24,15,30.0,0.44,7,Rain,204<br />
2012-10-23,63,57,50,52,48,43,100,74,48,30.07,30.02,29.96,10,10,10,23,6,29.0,0.02,6,Rain,239<br />
2012-10-24,63,56,49,58,49,46,100,78,56,30.22,30.12,30.05,10,10,7,17,8,29.0,0.11,6,Rain,174<br />
2012-10-25,69,59,49,54,50,44,100,73,45,30.28,30.24,30.2,10,9,2,14,6,18.0,0.01,5,Rain,42<br />
2012-10-26,70,57,43,55,46,33,93,60,27,30.25,30.18,30.11,10,10,10,13,3,21.0,0.00,1,,285<br />
2012-10-27,76,63,49,58,53,48,100,73,46,30.1,30.04,29.96,10,10,10,12,3,15.0,0.00,1,,286<br />
2012-10-28,76,63,50,59,56,50,100,77,54,30.05,30.0,29.96,10,10,10,16,5,30.0,0.00,2,Fog,285<br />
2012-10-29,73,63,52,57,55,51,100,79,57,30.13,30.08,30.04,10,6,0,12,4,15.0,0.00,4,Fog,307<br />
2012-10-30,66,61,55,56,55,52,100,84,68,30.11,30.04,29.99,10,8,0,15,5,16.0,0.00,7,Fog,289<br />
2012-10-31,66,63,60,58,55,54,90,77,63,30.04,30.0,29.98,10,10,6,16,6,18.0,0.15,8,Rain,192<br />
2012-11-01,67,59,51,59,57,50,100,84,68,30.07,30.03,30.0,10,8,3,15,4,20.0,0.26,6,Rain,218<br />
2012-11-02,67,57,47,52,48,44,93,73,52,30.11,30.08,30.04,10,10,10,12,4,14.0,0.00,4,,315<br />
2012-11-03,73,61,49,55,51,46,89,69,49,30.16,30.12,30.08,10,10,10,13,4,28.0,0.00,3,,314<br />
2012-11-04,79,65,51,57,53,49,96,69,42,30.22,30.17,30.14,10,10,10,12,3,13.0,0.00,2,,318<br />
2012-11-05,79,66,53,58,55,51,86,67,48,30.16,30.1,30.04,10,10,10,10,3,18.0,0.00,0,,218<br />
2012-11-06,82,66,49,57,54,49,93,67,40,30.09,30.05,30.0,10,10,7,12,4,14.0,0.00,0,,291<br />
2012-11-07,63,60,56,55,53,50,93,83,72,30.08,30.02,29.96,10,8,3,22,9,29.0,0.00,7,,278<br />
2012-11-08,64,59,53,50,44,39,77,63,48,29.99,29.94,29.91,10,10,10,31,15,37.0,0.04,4,Rain,270<br />
2012-11-09,58,50,41,49,43,39,100,76,51,30.0,29.96,29.92,10,10,7,21,9,31.0,0.07,3,Rain,289<br />
2012-11-10,60,52,44,42,39,37,76,62,47,30.26,30.13,30.01,10,10,10,18,8,22.0,0.00,2,,310<br />
2012-11-11,61,50,39,44,38,34,86,61,36,30.4,30.35,30.28,10,10,10,9,5,13.0,0.00,2,,41<br />
2012-11-12,65,52,39,43,37,33,79,55,31,30.39,30.34,30.27,10,10,10,13,4,25.0,0.00,1,,21<br />
2012-11-13,67,56,44,49,39,33,71,56,40,30.27,30.18,30.1,10,10,10,14,6,26.0,0.00,3,,104<br />
2012-11-14,66,59,52,51,43,38,67,59,51,30.13,30.08,30.03,10,10,10,12,6,25.0,0.00,2,,135<br />
2012-11-15,68,56,43,51,46,39,77,63,48,30.04,30.0,29.96,10,9,6,17,4,29.0,0.00,4,,210<br />
2012-11-16,68,59,50,57,52,45,90,73,55,30.01,29.94,29.87,10,9,3,17,6,22.0,0.19,7,Rain,93<br />
2012-11-17,65,61,56,58,55,54,93,83,72,30.02,29.93,29.82,10,7,2,21,12,26.0,0.62,7,Rain,201<br />
2012-11-18,63,58,52,54,49,43,93,71,48,30.19,30.12,30.03,10,10,10,10,3,20.0,T,7,,217<br />
2012-11-19,69,61,53,51,47,44,72,56,40,30.24,30.2,30.18,10,10,10,14,7,16.0,0.00,5,,143<br />
2012-11-20,68,64,59,57,53,48,84,74,64,30.18,30.1,30.05,10,10,4,21,14,25.0,0.10,7,Rain,149<br />
2012-11-21,65,57,49,61,56,45,100,83,66,30.22,30.12,30.05,10,7,1,14,6,16.0,0.76,6,Rain,229<br />
2012-11-22,64,54,43,50,46,41,93,73,52,30.28,30.23,30.2,10,10,10,9,3,18.0,0.00,1,,331<br />
2012-11-23,67,54,41,52,47,41,100,76,52,30.27,30.22,30.17,10,10,8,14,2,43.0,0.00,2,,245<br />
2012-11-24,66,54,42,51,47,41,93,75,56,30.2,30.12,30.05,10,10,10,14,4,30.0,0.00,1,,324<br />
2012-11-25,59,53,46,55,50,45,100,88,75,30.05,30.01,29.95,10,4,0,14,2,30.0,0.00,5,Fog,69<br />
2012-11-26,63,56,49,53,49,46,100,84,67,30.09,30.04,29.99,10,4,0,13,4,23.0,0.00,4,Fog,341<br />
2012-11-27,63,57,50,52,50,48,89,75,60,30.13,30.08,30.01,10,8,3,12,4,39.0,0.00,7,,131<br />
2012-11-28,66,61,56,57,52,47,87,74,60,30.06,29.96,29.86,10,9,3,32,13,39.0,0.27,6,Rain,157<br />
2012-11-29,64,61,58,59,54,51,84,76,67,30.05,29.99,29.89,10,9,2,25,16,32.0,0.14,7,Rain,143<br />
2012-11-30,65,62,59,63,59,53,100,92,84,30.04,29.91,29.81,10,7,0,26,12,33.0,1.88,7,Fog-Rain,175<br />
2012-12-01,65,63,60,63,57,54,97,88,78,30.05,29.98,29.91,10,7,2,25,15,32.0,0.47,8,Rain,156<br />
2012-12-02,65,57,49,61,54,44,90,75,60,30.13,29.92,29.78,10,7,2,36,14,45.0,0.75,6,Rain,236<br />
2012-12-03,59,52,44,50,47,43,93,80,67,30.22,30.18,30.13,10,10,10,8,3,18.0,0.00,4,,87<br />
2012-12-04,63,57,50,53,51,47,93,80,67,30.25,30.2,30.17,10,10,8,15,5,20.0,T,7,Rain,141<br />
2012-12-05,65,62,58,65,58,54,100,92,84,30.17,30.14,30.1,10,8,2,15,4,18.0,0.89,8,Rain,98<br />
2012-12-06,63,57,50,55,50,46,93,77,60,30.16,30.12,30.09,10,10,6,12,4,28.0,0.00,5,,279<br />
2012-12-07,63,53,43,50,46,41,93,71,48,30.17,30.12,30.09,10,10,2,9,3,29.0,0.00,1,Fog,341<br />
2012-12-08,64,53,42,48,44,38,93,66,39,30.13,30.09,30.06,10,10,10,10,4,25.0,0.00,3,,5<br />
2012-12-09,67,55,43,47,43,38,89,69,48,30.2,30.15,30.11,10,10,10,18,5,22.0,0.00,2,,60<br />
2012-12-10,71,60,48,49,44,39,83,60,37,30.24,30.18,30.12,10,10,10,21,7,25.0,0.00,0,,2<br />
2012-12-11,61,52,43,51,46,39,89,78,66,30.11,29.99,29.89,10,9,3,18,7,22.0,T,5,Fog-Rain,263<br />
2012-12-12,58,51,43,50,43,39,89,70,51,29.92,29.88,29.85,10,9,6,22,9,33.0,0.08,4,Rain,273<br />
2012-12-13,58,49,39,40,37,34,86,65,43,29.95,29.91,29.87,10,10,10,14,3,32.0,0.00,2,,46<br />
2012-12-14,56,48,40,47,40,35,100,83,66,30.05,29.93,29.84,10,10,10,9,4,9.0,0.02,4,Rain,106<br />
2012-12-15,51,44,37,46,43,39,100,86,71,30.11,30.06,30.02,10,9,5,14,6,17.0,0.17,6,Rain,99<br />
2012-12-16,58,53,48,52,47,43,86,77,67,30.12,30.08,30.05,10,9,7,18,5,21.0,T,7,Rain,139<br />
2012-12-17,59,54,49,54,51,43,93,84,75,30.09,30.03,29.99,10,8,1,18,9,28.0,0.23,7,Rain,211<br />
2012-12-18,56,49,41,40,34,30,76,60,43,30.21,30.09,30.02,10,10,10,21,9,29.0,0.00,1,,323<br />
2012-12-19,55,45,34,36,30,24,89,61,32,30.34,30.28,30.22,10,10,10,9,3,18.0,0.00,1,,126<br />
2012-12-20,60,49,37,41,34,27,70,57,43,30.24,30.12,30.02,10,10,10,22,13,28.0,0.00,3,,134<br />
2012-12-21,58,55,51,54,48,39,93,74,55,30.01,29.94,29.9,10,9,2,29,18,39.0,0.11,7,Rain,154<br />
2012-12-22,60,55,50,57,50,46,100,86,72,30.11,29.97,29.87,10,10,5,29,12,32.0,0.73,7,Rain,201<br />
2012-12-23,56,51,46,56,53,45,100,92,83,30.09,29.95,29.88,10,7,1,31,16,38.0,1.14,7,Rain,153<br />
2012-12-24,60,51,42,49,42,37,100,74,47,30.22,30.16,30.06,10,10,10,13,4,22.0,0.00,3,Fog,20<br />
2012-12-25,55,49,42,52,46,39,100,90,80,30.17,29.95,29.81,10,6,2,30,8,37.0,1.00,7,Rain,129<br />
2012-12-26,57,54,50,51,47,41,96,82,68,30.12,30.0,29.89,10,10,7,25,11,31.0,0.16,5,Rain,292<br />
2012-12-27,56,50,43,46,41,39,93,74,55,30.19,30.15,30.12,10,10,10,10,3,15.0,0.00,3,,319<br />
2012-12-28,53,46,39,44,41,37,96,81,66,30.2,30.13,30.05,10,10,10,12,4,15.0,0.02,7,Rain,80<br />
2012-12-29,57,49,41,45,41,37,100,74,47,30.1,30.06,30.03,10,10,8,17,6,41.0,0.05,5,Rain,53<br />
2012-12-30,56,47,38,45,41,37,100,78,55,30.19,30.11,30.07,10,10,9,14,4,23.0,0.00,2,,307<br />
2012-12-31,52,44,35,38,33,29,85,64,42,30.32,30.27,30.21,10,10,10,12,3,28.0,0.00,3,,139<br />
2013-01-01,56,47,38,38,35,33,86,66,46,30.29,30.26,30.23,10,10,10,23,9,29.0,0.00,3,,59<br />
2013-01-02,53,45,36,41,36,30,85,70,54,30.26,30.21,30.16,10,10,10,9,3,12.0,0.00,0,,158<br />
2013-01-03,55,45,34,45,39,34,92,74,55,30.29,30.24,30.19,10,10,10,9,3,25.0,0.00,2,,336<br />
2013-01-04,54,46,37,42,38,34,92,76,59,30.31,30.25,30.2,10,10,9,7,2,8.0,0.00,2,,210<br />
2013-01-05,56,47,38,51,45,37,100,86,72,30.28,30.16,30.09,10,8,2,14,3,26.0,0.15,7,Rain,119<br />
2013-01-06,53,47,40,48,44,39,100,86,71,30.21,30.16,30.08,10,10,8,18,5,26.0,0.02,5,Rain,18<br />
2013-01-07,57,46,35,50,43,36,100,86,72,30.29,30.22,30.18,10,8,0,8,1,24.0,0.00,4,Fog,137<br />
2013-01-08,59,50,41,50,46,41,100,84,67,30.26,30.2,30.15,10,8,1,9,3,12.0,0.00,1,Fog,286<br />
2013-01-09,54,48,42,54,46,38,100,81,61,30.16,30.09,30.02,10,6,1,25,8,31.0,T,6,Rain,225<br />
2013-01-10,54,47,40,38,35,32,85,65,45,30.21,30.14,30.1,10,10,9,17,9,26.0,0.00,2,,318<br />
2013-01-11,54,47,39,44,36,30,89,72,54,30.28,30.21,30.15,10,10,10,18,5,29.0,0.00,3,,340<br />
2013-01-12,50,42,33,39,31,23,96,65,33,30.27,30.21,30.17,10,10,10,12,3,26.0,0.00,3,,91<br />
2013-01-13,51,41,31,30,24,18,66,50,34,30.29,30.24,30.19,10,10,10,12,6,24.0,0.00,2,,12<br />
2013-01-14,55,44,33,24,18,13,54,37,20,30.43,30.38,30.26,10,10,10,20,5,26.0,0.00,1,,48<br />
2013-01-15,58,46,33,32,28,23,75,53,30,30.5,30.45,30.42,10,10,10,14,4,16.0,0.00,2,,53<br />
2013-01-16,54,44,34,43,34,28,82,68,53,30.45,30.37,30.27,10,9,6,10,3,21.0,0.00,0,,322<br />
2013-01-17,59,48,36,43,36,30,89,63,36,30.28,30.22,30.17,10,10,8,9,3,24.0,0.00,1,,154<br />
2013-01-18,61,50,38,44,37,28,92,66,39,30.25,30.19,30.15,10,9,7,7,2,9.0,0.00,1,,233<br />
2013-01-19,61,48,35,44,37,33,86,61,36,30.27,30.21,30.17,10,10,10,14,3,28.0,0.00,2,,190<br />
2013-01-20,62,49,36,46,37,31,92,62,32,30.25,30.2,30.15,10,10,10,9,3,10.0,0.00,1,,254<br />
2013-01-21,61,49,36,41,37,33,92,66,39,30.2,30.14,30.1,10,10,10,8,2,8.0,0.00,1,,203<br />
2013-01-22,63,51,38,48,44,38,100,79,57,30.13,30.08,30.02,10,9,6,10,4,24.0,0.00,4,,210<br />
2013-01-23,56,49,42,55,50,46,100,87,74,30.11,30.05,29.98,10,5,2,22,3,36.0,0.11,8,Rain,344<br />
2013-01-24,60,56,52,56,54,52,100,93,86,30.21,30.15,30.08,10,7,2,9,2,12.0,0.01,8,Fog,224<br />
2013-01-25,65,59,52,58,55,52,100,89,78,30.21,30.14,30.06,10,7,3,14,5,18.0,T,6,Fog,282<br />
2013-01-26,60,54,47,53,48,43,100,79,57,30.1,30.05,30.02,10,10,8,24,11,29.0,0.00,3,Fog,284<br />
2013-01-27,58,49,40,45,40,34,89,66,43,30.2,30.15,30.09,10,10,10,18,8,21.0,T,1,,310<br />
2013-01-28,60,50,40,47,42,38,92,68,44,30.31,30.25,30.19,10,10,10,14,6,26.0,0.00,4,,307<br />
2013-01-29,59,50,40,51,45,40,100,78,55,30.38,30.33,30.29,10,10,10,13,3,25.0,0.00,3,,275<br />
2013-01-30,66,54,41,51,45,41,100,72,43,30.36,30.31,30.28,10,10,10,8,4,23.0,0.00,1,,324<br />
2013-01-31,63,52,40,51,46,41,100,74,48,30.31,30.25,30.19,10,9,6,9,3,32.0,0.00,0,,281<br />
2013-02-01,65,54,43,53,49,44,100,80,60,30.24,30.19,30.13,10,8,6,24,4,29.0,0.00,1,,290<br />
2013-02-02,60,52,43,53,51,48,100,88,75,30.32,30.27,30.24,10,7,3,10,4,14.0,0.00,6,,298<br />
2013-02-03,59,52,44,52,47,43,100,79,57,30.28,30.23,30.17,10,10,7,12,4,30.0,0.00,3,,290<br />
2013-02-04,57,51,45,52,50,46,100,92,83,30.2,30.15,30.09,10,7,3,13,3,14.0,0.00,6,Fog,275<br />
2013-02-05,58,51,44,53,49,45,100,89,77,30.18,30.13,30.1,10,10,10,18,8,25.0,0.00,6,,283<br />
2013-02-06,59,49,38,49,46,40,100,81,62,30.22,30.18,30.15,10,10,10,17,5,29.0,0.00,1,,279<br />
2013-02-07,56,50,44,50,45,40,100,81,61,30.19,30.13,30.02,10,10,2,22,10,26.0,0.20,6,Rain,174<br />
2013-02-08,55,49,42,47,42,39,100,81,61,30.04,29.99,29.96,10,10,6,17,6,24.0,0.04,5,Rain,318<br />
2013-02-09,58,47,35,41,36,28,92,64,35,30.12,30.07,30.01,10,10,10,10,4,15.0,0.00,0,,225<br />
2013-02-10,59,48,36,50,40,32,93,65,37,30.14,30.1,30.05,10,10,10,8,4,13.0,0.00,1,,272<br />
2013-02-11,63,50,37,51,40,30,100,67,34,30.26,30.18,30.09,10,10,8,12,5,15.0,0.00,0,,292<br />
2013-02-12,62,51,39,53,45,38,100,71,42,30.38,30.33,30.27,10,10,8,12,3,21.0,0.00,1,,288<br />
2013-02-13,62,52,41,52,48,42,100,81,62,30.37,30.32,30.24,10,6,0,12,3,28.0,0.00,4,Fog,301<br />
2013-02-14,72,56,40,54,47,40,100,66,31,30.27,30.23,30.16,10,9,2,14,4,16.0,0.00,1,Fog,16<br />
2013-02-15,70,59,47,54,47,41,100,70,40,30.29,30.25,30.22,10,10,10,10,3,13.0,0.00,0,,227<br />
2013-02-16,69,55,41,55,50,45,100,72,44,30.24,30.15,30.08,10,10,7,14,6,16.0,0.00,3,,282<br />
2013-02-17,62,55,48,52,50,45,100,80,60,30.09,30.05,30.0,10,10,9,15,7,22.0,0.00,2,,241<br />
2013-02-18,56,50,44,49,44,39,100,80,59,30.07,30.03,30.0,10,10,9,21,11,25.0,0.00,7,,263<br />
2013-02-19,51,47,42,49,43,35,100,82,63,30.0,29.88,29.77,10,10,5,28,13,36.0,0.28,6,Rain,271<br />
2013-02-20,60,49,38,46,40,35,86,70,53,30.08,29.99,29.88,10,10,10,14,7,20.0,0.00,1,,294<br />
2013-02-21,62,50,37,46,41,34,100,68,36,30.19,30.14,30.08,10,10,9,17,7,22.0,0.00,2,,315<br />
2013-02-22,63,51,38,50,45,40,100,78,55,30.28,30.24,30.2,10,10,9,18,7,23.0,0.00,3,,263<br />
2013-02-23,61,56,50,54,43,34,100,68,36,30.28,30.23,30.18,10,10,8,21,13,35.0,T,4,,301<br />
2013-02-24,63,54,44,48,34,21,93,59,25,30.28,30.23,30.19,10,10,9,15,7,23.0,0.00,2,,291<br />
2013-02-25,61,52,42,51,47,42,100,81,62,30.3,30.25,30.19,10,10,7,15,7,25.0,0.00,1,,245<br />
2013-02-26,67,53,38,48,42,31,100,64,28,30.24,30.21,30.16,10,10,10,15,5,18.0,0.00,1,,295<br />
2013-02-27,67,54,40,52,44,37,93,68,43,30.39,30.31,30.23,10,10,10,16,5,29.0,0.00,3,,268<br />
2013-02-28,62,54,46,56,52,47,100,89,78,30.48,30.44,30.4,10,10,7,16,5,25.0,0.00,3,Fog,218<br />
2013-03-01,72,59,45,56,49,45,100,72,44,30.45,30.37,30.26,10,6,0,14,4,20.0,0.00,3,Fog,308<br />
2013-03-02,68,59,49,56,53,49,100,78,56,30.26,30.16,30.09,10,10,10,17,5,26.0,0.00,7,,297<br />
2013-03-03,61,57,52,54,52,48,100,86,72,30.13,30.11,30.09,10,10,10,18,10,26.0,0.00,6,,271<br />
2013-03-04,58,54,49,49,47,45,93,80,67,30.18,30.13,30.09,10,9,7,20,7,22.0,0.00,5,,262<br />
2013-03-05,60,54,47,52,46,42,93,74,55,30.09,29.99,29.87,10,10,8,33,15,39.0,0.08,6,Rain,200<br />
2013-03-06,58,51,44,53,46,40,89,72,55,30.1,30.01,29.87,10,10,7,31,12,38.0,0.06,6,Rain,232<br />
2013-03-07,59,51,42,52,45,37,100,74,47,30.02,29.93,29.88,10,10,7,18,6,40.0,0.07,7,Rain,292<br />
2013-03-08,61,54,46,50,47,43,100,82,64,30.07,29.93,29.85,10,10,10,31,12,37.0,0.00,3,,292<br />
2013-03-09,64,53,42,52,46,41,100,73,46,30.33,30.25,30.1,10,10,10,17,7,20.0,0.00,1,,305<br />
2013-03-10,68,54,40,53,46,41,100,71,42,30.37,30.32,30.28,10,10,10,13,5,16.0,0.00,2,,297<br />
2013-03-11,69,56,43,53,47,42,100,71,42,30.28,30.21,30.13,10,10,7,18,6,20.0,0.00,2,Fog,300<br />
2013-03-12,71,60,48,55,53,49,100,77,53,30.19,30.15,30.09,10,7,2,14,5,16.0,0.00,4,,289<br />
2013-03-13,75,62,48,58,52,48,100,73,46,30.19,30.14,30.07,10,5,0,17,6,20.0,0.00,4,Fog,288<br />
2013-03-14,66,57,48,55,53,50,100,84,67,30.19,30.15,30.11,10,10,6,18,4,22.0,0.00,5,Fog,288<br />
2013-03-15,66,56,45,55,52,47,100,84,67,30.16,30.12,30.07,10,10,10,22,6,23.0,0.00,5,,269<br />
2013-03-16,66,59,52,55,52,50,100,82,63,30.14,30.1,30.06,10,10,8,18,6,22.0,0.00,6,,254<br />
2013-03-17,66,55,44,52,47,41,100,73,46,30.17,30.12,30.09,10,10,8,22,7,26.0,0.00,3,,268<br />
2013-03-18,66,56,45,51,48,45,93,73,52,30.16,30.1,30.06,10,10,9,24,6,28.0,0.00,5,,259<br />
2013-03-19,67,58,48,50,46,39,96,68,40,30.17,30.12,30.09,10,10,10,18,4,20.0,0.09,6,Rain,255<br />
2013-03-20,63,58,53,61,56,48,100,89,78,30.16,30.13,30.09,10,9,5,17,8,21.0,0.02,7,Rain,261<br />
2013-03-21,64,54,44,52,46,41,93,69,44,30.16,30.11,30.04,10,10,10,22,9,26.0,0.00,2,,299<br />
2013-03-22,68,55,42,48,42,27,100,61,22,30.14,30.09,30.05,10,10,10,20,9,26.0,0.00,0,,297<br />
2013-03-23,66,54,42,48,41,34,93,62,31,30.17,30.11,30.07,10,10,10,17,5,23.0,0.00,2,,283<br />
2013-03-24,67,55,43,50,47,43,93,73,52,30.12,30.07,30.01,10,10,9,18,8,21.0,0.00,2,,284<br />
2013-03-25,59,55,50,49,47,44,93,75,57,30.06,30.03,29.99,10,10,10,21,12,28.0,0.00,6,,271<br />
2013-03-26,64,58,51,50,47,45,89,75,60,30.04,30.01,29.96,10,10,10,16,9,18.0,0.00,6,,267<br />
2013-03-27,67,58,48,57,53,47,100,84,68,30.04,30.0,29.98,10,10,10,15,5,18.0,0.00,6,,265<br />
2013-03-28,70,62,53,59,57,54,100,80,59,30.11,30.06,30.03,10,9,3,17,6,20.0,T,7,Rain,274<br />
2013-03-29,76,63,49,58,53,48,100,75,49,30.1,30.08,30.04,10,8,0,20,6,22.0,0.00,3,Fog,285<br />
2013-03-30,70,63,55,59,55,51,100,79,57,30.1,30.06,30.01,10,10,10,16,6,22.0,0.02,7,Rain,312<br />
2013-03-31,70,64,57,60,57,52,100,77,53,30.09,30.05,30.02,10,10,7,17,10,,0.15,6,Rain,207<br />
2013-04-01,66,61,55,59,56,52,100,84,68,30.18,30.12,30.07,10,8,1,16,8,18.0,0.88,6,Rain,260<br />
2013-04-02,65,59,52,56,54,52,100,87,73,30.21,30.17,30.12,10,10,9,21,7,24.0,0.00,5,,285<br />
2013-04-03,74,64,53,56,54,47,100,71,41,30.17,30.09,30.02,10,9,6,22,6,25.0,0.00,6,,278<br />
2013-04-04,67,61,54,61,57,53,100,91,81,30.14,30.08,30.02,10,8,3,21,10,24.0,0.41,7,Rain,215<br />
2013-04-05,66,61,56,59,57,54,100,84,67,30.21,30.17,30.14,10,10,5,18,8,31.0,T,7,Rain,275<br />
2013-04-06,65,61,56,59,57,53,100,89,78,30.22,30.19,30.17,10,10,7,21,10,23.0,T,6,,249<br />
2013-04-07,65,60,54,58,54,50,93,80,67,30.2,30.08,29.88,10,10,3,39,13,45.0,0.04,7,Rain,262<br />
2013-04-08,69,60,51,52,42,34,77,55,33,30.04,29.93,29.84,10,10,10,39,17,48.0,0.00,2,,309<br />
2013-04-09,80,67,54,51,41,26,61,38,14,30.1,30.07,30.03,10,10,10,23,12,29.0,0.00,0,,320<br />
2013-04-10,78,67,56,57,52,43,93,65,36,30.19,30.12,30.07,10,10,10,21,9,23.0,0.00,2,,285<br />
2013-04-11,71,61,51,55,51,47,100,72,44,30.09,29.99,29.88,10,10,10,21,8,23.0,0.00,2,,266<br />
2013-04-12,69,59,48,54,51,48,100,75,49,29.94,29.91,29.88,10,9,6,21,7,23.0,0.00,2,,261<br />
2013-04-13,67,58,49,52,49,45,100,74,48,29.94,29.9,29.86,10,10,8,24,8,28.0,0.00,4,,272<br />
2013-04-14,66,56,46,54,47,38,100,70,40,29.96,29.92,29.89,10,10,9,26,11,32.0,0.00,2,,271<br />
2013-04-15,63,57,50,54,45,38,100,72,43,29.98,29.92,29.89,10,10,10,40,16,47.0,0.00,4,,285<br />
2013-04-16,68,57,46,50,39,30,83,56,28,30.17,30.08,29.99,10,10,10,23,12,25.0,0.00,0,,305<br />
2013-04-17,73,64,54,47,34,22,71,44,16,30.28,30.23,30.18,10,10,10,23,10,29.0,0.00,0,,324<br />
2013-04-18,75,61,47,53,47,35,86,57,27,30.29,30.25,30.22,10,10,10,18,7,21.0,0.00,0,,263<br />
2013-04-19,75,63,50,56,51,40,100,66,31,30.25,30.19,30.1,10,10,7,21,6,23.0,0.00,1,,277<br />
2013-04-20,77,64,51,57,51,43,100,66,31,30.13,30.08,30.02,10,10,10,20,8,23.0,0.00,0,,289<br />
2013-04-21,83,66,49,56,51,43,100,64,28,30.07,30.01,29.95,10,10,9,15,5,17.0,0.00,0,,301<br />
2013-04-22,85,69,52,57,52,42,100,62,23,29.99,29.93,29.87,10,10,10,16,5,22.0,0.00,0,,282<br />
2013-04-23,76,63,50,58,48,28,100,59,18,29.95,29.92,29.89,10,10,10,20,8,24.0,0.00,1,,296<br />
2013-04-24,65,56,47,55,52,48,100,82,63,29.98,29.91,29.87,10,9,5,21,10,24.0,0.00,2,,303<br />
2013-04-25,66,61,55,55,53,52,100,82,63,30.17,30.08,29.98,10,10,10,18,12,24.0,0.00,5,,274<br />
2013-04-26,65,60,55,53,52,51,86,75,63,30.26,30.22,30.16,10,10,7,20,8,22.0,0.00,5,,270<br />
2013-04-27,67,60,52,56,53,51,100,82,63,30.26,30.2,30.12,10,10,10,18,9,21.0,0.00,4,,280<br />
2013-04-28,76,64,52,60,53,49,100,69,38,30.11,30.02,29.9,10,10,8,15,6,17.0,0.00,4,,286<br />
2013-04-29,82,69,55,59,55,50,100,67,33,29.92,29.86,29.8,10,10,9,17,7,20.0,0.00,1,,288<br />
2013-04-30,74,64,53,58,52,46,93,67,41,29.88,29.84,29.82,10,10,7,16,6,20.0,0.00,1,,281<br />
2013-05-01,88,72,55,57,44,18,84,47,9,30.11,29.99,29.87,10,10,10,21,7,29.0,0.00,0,,299<br />
2013-05-02,92,73,53,60,47,29,86,49,12,30.17,30.13,30.1,10,10,7,13,5,16.0,0.00,0,,280<br />
2013-05-03,88,72,56,51,44,33,64,40,15,30.1,29.95,29.82,10,10,8,15,5,18.0,0.00,0,,312<br />
2013-05-04,81,68,55,57,54,47,100,68,36,29.8,29.68,29.59,10,10,7,20,9,25.0,0.00,1,,304<br />
2013-05-05,70,65,60,55,51,46,73,59,45,29.83,29.72,29.63,10,10,10,20,10,28.0,T,6,,186<br />
2013-05-06,71,64,56,57,53,50,93,71,49,29.99,29.88,29.83,10,10,10,17,7,20.0,0.00,7,,237<br />
2013-05-07,73,65,57,59,56,51,100,75,49,30.08,30.03,29.98,10,10,7,18,8,23.0,0.00,6,,299<br />
2013-05-08,64,60,56,57,55,53,100,86,72,30.17,30.13,30.08,10,10,7,21,11,25.0,0.00,7,,270<br />
2013-05-09,65,60,55,54,53,52,93,80,67,30.22,30.17,30.14,10,10,10,23,13,26.0,0.00,6,,266<br />
2013-05-10,65,60,54,57,55,54,100,87,73,30.23,30.19,30.16,10,9,5,21,10,24.0,T,7,,267<br />
2013-05-11,76,66,55,59,56,52,100,75,49,30.19,30.12,30.08,10,10,8,20,8,22.0,0.00,6,Fog,290<br />
2013-05-12,70,61,52,61,58,54,100,84,68,30.17,30.13,30.06,10,10,10,18,8,21.0,0.00,4,,265<br />
2013-05-13,68,62,55,60,57,55,100,89,78,30.13,30.07,29.98,10,10,10,21,9,24.0,0.00,5,,289<br />
2013-05-14,67,61,54,57,54,49,100,80,60,30.05,30.0,29.97,10,10,6,23,11,30.0,0.00,2,,241<br />
2013-05-15,65,60,54,57,53,51,100,82,63,30.1,30.06,30.04,10,10,6,25,14,32.0,0.00,5,,258<br />
2013-05-16,66,61,56,61,57,55,100,87,73,30.06,30.04,30.01,10,10,10,20,12,25.0,T,6,Rain,264<br />
2013-05-17,67,61,54,55,53,48,100,78,56,30.12,30.06,30.0,10,10,10,23,15,29.0,0.00,3,,263<br />
2013-05-18,70,62,54,58,54,50,100,77,53,30.17,30.13,30.1,10,10,10,20,9,30.0,0.00,2,,249<br />
2013-05-19,76,64,51,57,53,48,100,69,38,30.14,30.08,30.01,10,10,10,20,6,23.0,0.00,0,,272<br />
2013-05-20,83,67,51,57,53,45,100,63,26,30.02,30.0,29.96,10,10,8,21,8,25.0,0.00,1,,278<br />
2013-05-21,69,61,52,54,50,44,100,74,48,30.03,29.99,29.95,10,10,9,28,14,33.0,0.00,2,,276<br />
2013-05-22,66,58,50,48,38,29,83,56,29,30.04,30.0,29.94,10,10,10,23,12,25.0,0.00,1,,299<br />
2013-05-23,66,57,48,51,46,41,93,69,44,30.03,30.0,29.94,10,10,10,20,9,35.0,0.00,1,,267<br />
2013-05-24,66,58,50,52,49,44,96,72,48,30.04,30.01,29.99,10,10,10,25,11,29.0,0.00,1,,233<br />
2013-05-25,63,58,52,55,52,48,100,80,60,30.09,30.04,30.0,10,10,10,24,14,29.0,0.00,5,,247<br />
2013-05-26,67,61,55,58,56,55,100,84,68,30.17,30.12,30.08,10,10,10,25,16,29.0,0.00,4,,269<br />
2013-05-27,64,59,53,61,58,54,100,95,90,30.16,30.12,30.03,10,10,7,22,11,25.0,0.02,5,Rain,261<br />
2013-05-28,66,61,55,61,57,52,100,89,78,30.03,30.0,29.96,10,10,10,22,11,25.0,T,6,Fog,256<br />
2013-05-29,68,61,54,59,56,53,100,82,63,30.0,29.97,29.93,10,10,10,22,12,24.0,0.00,4,,266<br />
2013-05-30,69,60,51,55,52,47,100,74,48,30.02,29.99,29.96,10,10,10,17,7,20.0,0.00,1,,243<br />
2013-05-31,76,62,48,55,51,48,100,69,38,30.05,30.0,29.95,10,10,7,17,7,20.0,0.00,1,,290<br />
2013-06-01,79,66,53,58,54,50,100,70,40,29.96,29.88,29.8,10,10,8,18,7,21.0,0.00,2,,283<br />
2013-06-02,67,59,51,57,54,52,100,79,58,29.82,29.77,29.73,10,10,10,17,5,21.0,0.00,1,,285<br />
2013-06-03,71,62,53,58,55,52,100,79,57,29.89,29.82,29.75,10,10,7,23,10,25.0,0.00,3,,293<br />
2013-06-04,69,62,55,57,56,55,100,84,68,30.0,29.94,29.88,10,10,7,22,13,26.0,0.00,4,,290<br />
2013-06-05,66,61,55,56,55,53,100,84,67,30.03,29.99,29.96,10,10,7,20,13,24.0,0.00,5,,289<br />
2013-06-06,69,62,55,58,55,53,100,80,59,29.99,29.95,29.9,10,10,10,21,11,24.0,0.00,5,,293<br />
2013-06-07,79,67,55,61,58,55,100,74,47,29.92,29.84,29.75,10,10,6,15,6,18.0,0.00,3,,287<br />
2013-06-08,74,66,57,60,58,57,100,79,57,29.82,29.76,29.74,10,10,10,22,10,25.0,0.00,1,,324<br />
2013-06-09,72,65,57,61,59,57,100,85,70,29.9,29.87,29.82,10,10,10,24,12,28.0,0.00,4,,291<br />
2013-06-10,72,65,57,58,56,54,100,77,53,29.96,29.92,29.86,10,10,8,22,13,28.0,T,5,,258<br />
2013-06-11,69,62,55,58,56,54,100,80,59,30.01,29.97,29.94,10,10,10,16,7,20.0,0.00,6,,288<br />
2013-06-12,71,62,52,56,53,49,100,75,49,30.03,29.98,29.94,10,10,9,26,8,30.0,0.00,1,,273<br />
2013-06-13,73,61,49,56,52,48,100,72,44,30.12,30.07,30.02,10,10,7,17,7,22.0,0.00,0,,249<br />
2013-06-14,80,66,52,59,54,49,100,68,35,30.01,29.93,29.87,10,10,10,20,7,29.0,0.00,2,,288<br />
2013-06-15,64,59,53,56,54,50,100,86,72,30.04,29.96,29.87,10,10,10,23,10,27.0,0.00,5,,273<br />
2013-06-16,68,60,53,55,53,50,89,71,53,30.12,30.08,30.03,10,10,10,17,8,,0.00,3,,264<br />
2013-06-17,71,63,54,62,58,54,100,87,73,30.11,30.09,30.05,10,10,10,26,14,32.0,0.00,3,Fog,260<br />
2013-06-18,68,62,56,58,56,54,100,82,63,30.06,30.04,30.0,10,10,10,32,20,38.0,0.00,4,,274<br />
2013-06-19,72,63,54,55,51,48,100,74,47,30.07,30.04,30.01,10,10,10,21,11,30.0,0.00,1,,282<br />
2013-06-20,71,60,49,55,53,50,100,75,49,30.02,29.99,29.97,10,10,10,24,10,26.0,0.00,0,,259<br />
2013-06-21,71,62,53,56,54,50,100,76,51,29.99,29.97,29.95,10,10,7,17,7,26.0,0.00,1,,248<br />
2013-06-22,76,63,50,59,55,47,100,71,41,29.95,29.91,29.87,10,10,10,21,9,30.0,0.00,1,Fog,267<br />
2013-06-23,68,62,56,66,61,56,100,97,93,29.91,29.87,29.83,10,9,3,18,9,24.0,T,7,,266<br />
2013-06-24,63,60,56,63,59,55,100,97,93,29.91,29.87,29.81,10,10,10,13,6,32.0,0.02,8,Rain,301<br />
2013-06-25,71,67,62,70,65,61,100,97,93,30.0,29.95,29.89,10,9,2,20,10,23.0,0.15,7,Rain,200<br />
2013-06-26,78,70,61,67,64,60,100,82,64,30.06,30.02,29.98,10,10,10,18,7,29.0,0.00,4,,282<br />
2013-06-27,80,70,59,67,62,58,100,77,54,30.09,30.06,30.02,10,10,7,15,6,18.0,0.00,3,,278<br />
2013-06-28,85,73,60,65,62,60,100,74,47,30.04,29.98,29.91,10,10,10,20,7,23.0,0.00,1,,288<br />
2013-06-29,86,72,58,64,60,57,100,70,40,29.94,29.89,29.82,10,10,10,20,8,22.0,0.00,1,,286<br />
2013-06-30,77,68,59,63,61,59,100,79,58,29.86,29.83,29.79,10,10,10,20,8,26.0,0.00,1,,290<br />
2013-07-01,83,71,59,65,61,57,100,73,45,29.86,29.84,29.83,10,10,10,21,8,41.0,0.00,3,,288<br />
2013-07-02,80,71,61,63,62,60,100,78,56,29.94,29.9,29.84,10,10,10,24,11,29.0,0.00,5,,306<br />
2013-07-03,84,73,61,63,61,59,100,73,46,29.91,29.85,29.78,10,10,8,21,9,33.0,0.00,5,,314<br />
2013-07-04,80,71,62,65,60,54,93,73,52,29.79,29.76,29.7,10,10,9,20,9,23.0,0.00,2,,290<br />
2013-07-05,68,64,59,58,57,56,93,81,68,29.83,29.78,29.75,10,7,5,23,14,26.0,0.00,4,,247<br />
2013-07-06,72,64,56,58,57,54,100,79,57,29.82,29.79,29.76,10,10,10,16,9,21.0,0.00,3,,265<br />
2013-07-07,72,65,57,59,58,55,100,79,57,29.87,29.83,29.8,10,10,10,20,9,35.0,0.00,4,,324<br />
2013-07-08,71,64,57,60,58,56,100,81,61,29.99,29.93,29.88,10,10,10,18,9,22.0,0.00,4,,302<br />
2013-07-09,76,66,56,60,58,54,100,77,54,30.04,30.0,29.94,10,9,3,21,9,25.0,0.00,3,,307<br />
2013-07-10,71,64,57,59,58,57,100,83,66,30.0,29.97,29.93,10,10,10,23,11,29.0,0.00,6,,305<br />
2013-07-11,68,62,56,57,56,55,100,84,68,29.97,29.95,29.91,10,10,7,21,9,24.0,0.00,6,Fog,284<br />
2013-07-12,68,63,57,58,57,55,100,82,63,29.96,29.93,29.9,10,10,10,21,10,44.0,0.00,4,,288<br />
2013-07-13,72,63,53,59,56,53,100,77,53,29.98,29.95,29.92,10,10,10,22,9,33.0,0.00,2,,323<br />
2013-07-14,68,62,55,58,57,55,100,84,68,30.02,29.98,29.93,10,9,6,18,10,32.0,0.00,4,,304<br />
2013-07-15,69,62,54,58,56,54,100,82,63,29.95,29.92,29.87,10,10,10,18,12,22.0,0.00,6,,276<br />
2013-07-16,70,64,58,60,57,54,100,81,61,30.05,29.97,29.88,10,10,10,17,11,26.0,T,6,,266<br />
2013-07-17,70,64,58,59,58,57,100,83,66,30.12,30.08,30.04,10,10,10,17,9,24.0,0.00,5,,268<br />
2013-07-18,72,64,56,59,58,56,100,81,61,30.08,30.03,29.97,10,10,10,21,9,58.0,0.00,4,,285<br />
2013-07-19,71,64,56,59,57,56,100,79,57,29.98,29.93,29.86,10,10,9,23,9,25.0,0.00,5,Fog,299<br />
2013-07-20,72,64,55,60,57,55,100,81,61,29.88,29.83,29.77,10,10,8,22,9,26.0,0.00,4,Fog,289<br />
2013-07-21,68,62,56,59,58,55,100,87,73,29.9,29.83,29.79,10,10,6,20,10,35.0,0.00,5,,314<br />
2013-07-22,70,63,56,63,60,54,100,87,73,29.97,29.94,29.89,10,10,6,16,10,29.0,0.00,7,,322<br />
2013-07-23,72,66,59,62,61,59,100,83,66,30.01,29.98,29.95,10,10,10,16,8,20.0,T,6,,307<br />
2013-07-24,74,66,57,61,58,55,100,79,57,30.0,29.97,29.92,10,10,10,16,8,20.0,0.00,3,,301<br />
2013-07-25,69,62,55,60,56,41,100,78,55,30.05,30.0,29.95,10,10,10,20,10,25.0,0.00,4,,310<br />
2013-07-26,69,62,55,61,58,53,100,88,76,30.12,30.07,30.04,10,10,10,22,11,31.0,0.00,5,,299<br />
2013-07-27,68,63,57,61,59,57,100,87,73,30.04,29.97,29.89,10,10,9,22,11,25.0,0.00,6,,300<br />
2013-07-28,68,63,57,59,58,57,100,87,73,29.89,29.87,29.84,10,10,8,21,9,23.0,0.00,5,,293<br />
2013-07-29,70,64,57,59,57,54,100,80,59,30.03,29.95,29.86,10,8,6,21,10,38.0,0.00,5,,261<br />
2013-07-30,68,62,56,58,58,56,100,84,68,30.11,30.07,30.04,10,8,6,20,10,32.0,0.00,5,,308<br />
2013-07-31,68,62,56,58,57,56,100,84,68,30.11,30.08,30.05,10,10,8,18,10,28.0,0.00,5,,275<br />
2013-08-01,68,61,54,58,57,55,100,84,68,30.1,30.05,29.98,10,10,10,20,9,28.0,0.00,4,,259<br />
2013-08-02,69,62,55,60,56,55,100,81,61,30.0,29.97,29.94,10,10,10,18,9,22.0,0.00,3,,275<br />
2013-08-03,69,62,54,60,57,54,100,83,66,30.0,29.97,29.94,10,10,10,20,10,23.0,0.00,4,,282<br />
2013-08-04,67,61,55,58,56,55,100,84,68,30.03,30.01,29.99,10,9,5,20,11,24.0,T,6,,284<br />
2013-08-05,65,60,55,58,57,55,100,87,73,30.05,30.02,29.98,10,10,10,18,9,29.0,0.00,7,,274<br />
2013-08-06,67,61,55,61,57,54,100,87,73,30.06,30.04,30.0,10,10,10,20,10,29.0,0.00,6,,275<br />
2013-08-07,72,64,55,61,58,55,100,79,57,30.12,30.07,30.05,10,9,4,17,10,26.0,T,7,Rain,271<br />
2013-08-08,72,65,57,61,59,56,100,79,57,30.05,30.01,29.97,10,10,10,21,11,24.0,0.00,6,,278<br />
2013-08-09,69,63,56,61,58,55,100,88,76,30.02,29.97,29.94,10,10,9,20,10,21.0,T,7,Rain,265<br />
2013-08-10,70,65,59,63,60,58,100,83,66,30.08,30.04,30.01,10,10,10,20,9,29.0,T,6,,267<br />
2013-08-11,67,62,56,61,59,57,100,89,78,30.05,30.01,29.97,10,9,4,18,9,32.0,T,6,,279<br />
2013-08-12,73,66,58,61,59,56,100,79,57,30.01,29.99,29.96,10,10,10,17,8,20.0,0.00,5,,272<br />
2013-08-13,81,69,56,61,58,56,100,71,42,30.0,29.97,29.93,10,10,9,22,8,28.0,0.00,3,,316<br />
2013-08-14,73,65,56,65,60,57,100,81,61,30.0,29.97,29.94,10,10,10,20,8,28.0,0.00,3,,266<br />
2013-08-15,77,69,61,68,64,59,100,87,74,29.99,29.96,29.93,10,10,10,17,10,21.0,0.00,5,,261<br />
2013-08-16,74,66,58,64,61,57,100,84,68,30.01,29.98,29.96,10,10,7,20,8,24.0,0.00,5,,275<br />
2013-08-17,70,65,59,65,61,57,100,88,76,30.0,29.96,29.9,10,10,10,23,7,26.0,0.00,6,,275<br />
2013-08-18,80,70,60,65,62,60,100,77,54,29.9,29.86,29.78,10,10,7,16,6,20.0,0.00,4,,257<br />
2013-08-19,76,66,56,65,60,55,100,82,64,29.9,29.86,29.79,10,10,10,22,9,39.0,0.00,2,,320<br />
2013-08-20,70,62,54,62,58,55,100,85,70,29.91,29.88,29.84,10,10,10,20,9,25.0,0.00,4,,322<br />
2013-08-21,66,60,53,60,56,54,100,84,68,29.96,29.92,29.88,10,10,10,20,10,25.0,0.00,4,,307<br />
2013-08-22,70,62,53,59,56,54,100,81,61,30.0,29.95,29.91,10,10,10,21,12,29.0,0.00,5,,276<br />
2013-08-23,66,62,58,61,59,57,100,89,78,29.95,29.91,29.84,10,10,10,18,9,28.0,0.00,6,,277<br />
2013-08-24,72,66,59,64,61,59,100,83,66,29.92,29.89,29.86,10,10,10,20,10,23.0,0.00,5,,262<br />
2013-08-25,76,70,63,66,64,62,100,84,68,29.96,29.93,29.91,10,8,2,21,9,33.0,T,5,,278<br />
2013-08-26,72,67,61,63,61,57,100,81,61,30.02,29.98,29.92,10,10,10,18,9,43.0,0.00,5,,273<br />
2013-08-27,72,66,59,64,61,58,100,83,66,29.93,29.89,29.84,10,10,10,25,9,30.0,0.00,3,,264<br />
2013-08-28,75,68,60,67,63,56,100,87,74,29.96,29.91,29.88,10,10,10,20,8,29.0,0.00,6,,271<br />
2013-08-29,77,70,62,67,65,62,100,85,69,30.08,30.03,29.97,10,10,10,15,7,21.0,0.00,5,,264<br />
2013-08-30,80,70,59,66,64,60,100,79,58,30.05,30.0,29.93,10,10,10,17,6,20.0,0.00,3,,262<br />
2013-08-31,73,66,59,64,61,56,100,87,73,30.0,29.96,29.92,10,10,10,20,9,24.0,0.00,3,,283<br />
2013-09-01,74,67,59,67,62,59,100,82,64,29.97,29.94,29.9,10,10,10,21,8,24.0,0.00,6,,273<br />
2013-09-02,76,70,63,69,65,63,100,85,69,29.97,29.94,29.9,10,10,10,20,9,23.0,0.00,6,,267<br />
2013-09-03,75,69,62,65,62,56,100,79,57,30.02,29.97,29.95,10,10,10,23,11,29.0,0.00,3,,268<br />
2013-09-04,77,69,61,66,63,59,100,77,54,30.05,30.0,29.95,10,10,10,24,11,29.0,0.00,4,,264<br />
2013-09-05,77,68,59,63,61,58,100,75,50,30.03,29.99,29.96,10,10,10,20,10,30.0,0.00,4,,257<br />
2013-09-06,87,71,54,65,59,55,100,68,35,29.99,29.92,29.83,10,10,10,16,6,20.0,0.00,0,,292<br />
2013-09-07,89,74,58,63,57,51,100,68,36,29.88,29.85,29.81,10,10,10,21,7,41.0,0.00,0,,309<br />
2013-09-08,77,67,56,64,60,57,100,80,60,29.88,29.84,29.77,10,10,10,17,7,30.0,0.00,2,,311<br />
2013-09-09,77,67,56,64,60,56,100,79,58,29.82,29.77,29.73,10,10,10,17,8,20.0,0.00,2,,307<br />
2013-09-10,75,67,59,64,61,57,100,82,64,29.91,29.82,29.76,10,10,10,16,8,18.0,0.00,4,,292<br />
2013-09-11,74,69,64,64,62,59,93,79,64,30.0,29.96,29.91,10,10,10,18,10,31.0,0.00,6,,255<br />
2013-09-12,72,67,61,64,63,61,100,87,73,29.99,29.95,29.91,10,10,9,21,9,28.0,T,6,Rain,274<br />
2013-09-13,68,64,59,62,60,59,100,91,81,29.92,29.87,29.8,10,10,10,22,11,29.0,T,6,,266<br />
2013-09-14,68,63,58,62,60,58,100,91,81,29.86,29.81,29.78,10,10,10,20,14,25.0,0.00,6,,263<br />
2013-09-15,73,67,60,64,60,57,100,83,66,29.88,29.85,29.81,10,10,10,22,11,22.0,0.00,4,,256<br />
2013-09-16,73,66,58,63,61,58,100,81,61,29.91,29.87,29.81,10,10,10,18,10,24.0,0.00,4,,257<br />
2013-09-17,73,65,57,61,59,55,100,77,53,29.89,29.87,29.84,10,10,10,26,12,31.0,0.00,3,,270<br />
2013-09-18,79,66,52,61,56,48,100,69,38,29.92,29.88,29.84,10,10,10,18,6,24.0,0.00,0,,292<br />
2013-09-19,82,67,51,59,56,50,100,69,37,29.87,29.82,29.76,10,10,10,25,5,66.0,0.00,0,,283<br />
2013-09-20,73,63,53,66,62,56,100,90,79,29.88,29.83,29.8,10,10,10,17,9,23.0,0.00,6,,253<br />
2013-09-21,68,62,55,65,62,55,100,89,78,29.91,29.85,29.82,10,8,1,20,12,23.0,0.61,6,Rain,231<br />
2013-09-22,70,61,52,60,56,53,100,79,57,30.01,29.97,29.91,10,10,10,22,7,24.0,0.00,2,,287<br />
2013-09-23,77,65,53,66,60,54,100,79,57,30.03,29.99,29.94,10,10,10,14,5,21.0,0.00,0,,250<br />
2013-09-24,73,64,54,61,58,52,100,81,61,30.01,29.96,29.91,10,10,8,30,12,36.0,0.00,1,,274<br />
2013-09-25,69,63,57,55,49,46,87,68,48,29.94,29.9,29.84,10,10,10,23,15,32.0,0.00,1,,286<br />
2013-09-26,72,64,55,51,44,34,72,49,26,29.99,29.91,29.85,10,10,10,22,11,22.0,0.00,0,,282<br />
2013-09-27,74,64,54,51,46,39,77,53,29,30.11,30.06,30.0,10,10,10,18,9,18.0,0.00,0,,242<br />
2013-09-28,76,66,56,55,47,41,78,54,29,30.09,30.06,30.02,10,10,10,17,9,17.0,0.00,1,,268<br />
2013-09-29,75,67,59,61,57,54,87,74,61,30.12,30.09,30.06,10,10,10,13,7,13.0,0.00,4,,247<br />
2013-09-30,72,66,59,63,60,51,93,83,72,30.09,30.04,29.98,10,10,10,16,10,16.0,0.00,5,,209<br />
2013-10-01,69,62,55,53,50,47,86,69,51,30.03,29.98,29.94,10,10,7,14,8,14.0,0.00,4,,260<br />
2013-10-02,68,62,56,57,51,46,86,67,48,30.02,29.98,29.94,10,10,10,18,8,18.0,0.00,2,,144<br />
2013-10-03,71,63,55,50,40,27,77,49,20,30.08,30.02,29.96,10,10,10,26,14,26.0,0.00,0,,325<br />
2013-10-04,87,73,58,37,29,25,42,27,11,30.1,30.04,29.98,10,10,10,26,12,32.0,0.00,0,,16<br />
2013-10-05,82,69,56,50,37,26,55,37,18,30.2,30.14,30.11,10,10,10,10,5,21.0,0.00,0,,191<br />
2013-10-06,84,66,48,47,40,32,74,45,15,30.12,30.07,30.0,10,10,10,12,5,14.0,0.00,4,,332<br />
2013-10-07,78,64,50,60,46,38,100,66,31,30.0,29.95,29.89,10,10,10,14,5,16.0,0.00,2,,294<br />
2013-10-08,71,60,48,59,52,46,100,76,51,29.92,29.84,29.73,10,10,9,16,5,20.0,0.00,2,,299<br />
2013-10-09,67,58,49,55,49,43,100,73,45,29.77,29.69,29.64,10,10,10,15,6,18.0,0.00,2,,189<br />
2013-10-10,68,58,48,56,51,48,100,78,56,30.02,29.91,29.77,10,10,10,15,5,22.0,0.00,1,,321<br />
2013-10-11,63,57,50,57,52,46,100,86,72,30.09,30.04,30.0,10,9,5,18,7,20.0,0.00,4,,321<br />
2013-10-12,64,58,51,55,50,46,96,83,69,30.03,29.98,29.93,10,9,4,20,6,22.0,0.00,4,,310<br />
2013-10-13,72,61,49,60,49,41,100,67,34,30.07,30.01,29.94,10,10,10,17,5,20.0,0.00,1,,299<br />
2013-10-14,76,62,48,59,46,39,90,61,31,30.12,30.07,30.01,10,10,10,12,6,,0.00,0,,332<br />
2013-10-15,83,64,45,52,44,28,86,50,14,30.05,30.01,29.96,10,10,10,17,4,21.0,0.00,0,,330<br />
2013-10-16,82,64,46,51,43,33,93,56,18,30.09,30.05,30.01,10,10,10,10,4,20.0,0.00,1,,321<br />
2013-10-17,80,64,47,57,45,36,100,61,21,30.09,30.03,29.98,10,10,10,13,5,21.0,0.00,0,,312<br />
2013-10-18,71,60,48,58,51,46,96,74,51,30.07,30.03,29.99,10,10,8,14,5,17.0,0.00,0,Fog,292<br />
2013-10-19,76,62,47,58,50,46,100,71,41,30.09,30.05,30.0,10,8,0,15,4,16.0,0.00,0,Fog,304<br />
2013-10-20,65,57,48,59,49,42,100,83,66,30.04,29.99,29.93,10,6,0,15,6,29.0,0.00,2,Fog,313<br />
2013-10-21,63,56,49,58,52,48,100,90,80,30.03,29.98,29.93,10,10,6,16,6,17.0,0.00,4,,283<br />
2013-10-22,65,56,47,59,51,48,100,86,72,30.04,30.0,29.94,10,5,0,16,5,18.0,0.00,6,Fog,304<br />
2013-10-23,61,56,51,57,50,46,100,88,75,30.0,29.97,29.92,10,5,0,18,7,20.0,0.00,7,Fog,281<br />
2013-10-24,59,56,52,54,49,46,100,85,69,30.12,30.05,30.0,10,10,8,15,6,32.0,0.00,5,,275<br />
2013-10-25,67,57,47,57,50,46,100,79,58,30.18,30.14,30.09,10,10,8,14,5,32.0,0.00,4,Fog,289<br />
2013-10-26,72,59,45,58,51,46,100,75,49,30.16,30.1,30.03,10,9,6,13,5,14.0,0.00,1,Fog,301<br />
2013-10-27,60,56,51,57,50,46,100,86,72,30.04,29.9,29.68,10,9,6,44,17,51.0,0.01,6,,270<br />
2013-10-28,60,53,45,55,49,42,100,84,67,29.86,29.75,29.69,10,10,6,28,9,32.0,0.00,3,,253<br />
2013-10-29,62,55,47,54,49,45,100,76,52,30.07,29.97,29.87,10,10,10,13,6,22.0,T,4,,250<br />
2013-10-30,65,55,45,55,49,45,100,76,52,30.17,30.11,30.07,10,9,6,13,5,15.0,0.00,1,,346<br />
2013-10-31,69,57,45,54,49,44,100,71,42,30.19,30.13,30.08,10,10,10,7,3,,0.00,0,,309<br />
2013-11-01,72,59,46,55,48,41,100,72,44,30.15,30.08,30.02,10,10,10,12,4,14.0,0.00,0,,298<br />
2013-11-02,63,54,45,60,51,42,100,83,66,30.04,29.99,29.93,10,10,8,15,5,18.0,0.01,2,,294<br />
2013-11-03,63,54,44,52,42,27,100,63,25,30.06,29.99,29.94,10,10,10,18,7,20.0,0.00,3,,307<br />
2013-11-04,68,56,43,46,38,25,86,56,25,30.07,29.99,29.94,10,10,10,14,7,28.0,0.00,0,,321<br />
2013-11-05,71,57,42,48,41,32,82,54,25,30.23,30.16,30.07,10,10,10,13,4,23.0,0.00,1,,283<br />
2013-11-06,68,56,44,54,45,38,86,64,42,30.27,30.21,30.17,10,10,10,9,3,10.0,0.00,4,,314<br />
2013-11-07,68,58,48,57,49,40,100,69,37,30.18,30.13,30.09,10,10,10,10,3,21.0,0.00,4,,269<br />
2013-11-08,65,56,47,59,52,46,100,86,72,30.1,30.06,29.97,10,6,0,13,4,17.0,0.00,3,Fog,263<br />
2013-11-09,69,56,42,56,48,43,100,74,47,30.06,30.01,29.98,10,10,7,13,4,15.0,0.00,2,Fog,336<br />
2013-11-10,64,55,46,56,49,44,100,81,62,30.13,30.1,30.04,10,8,4,14,5,,0.00,4,Fog,318<br />
2013-11-11,64,57,49,58,52,48,100,84,67,30.18,30.13,30.09,10,8,4,9,4,16.0,0.00,7,,303<br />
2013-11-12,70,61,51,58,52,47,100,76,52,30.27,30.23,30.17,10,10,10,22,5,20.0,T,4,,301<br />
2013-11-13,72,60,47,60,52,44,100,82,63,30.27,30.19,30.12,10,10,10,17,6,29.0,0.00,3,,304<br />
2013-11-14,60,55,49,59,52,45,100,89,77,30.13,30.03,29.9,10,9,6,15,4,17.0,0.00,6,,264<br />
2013-11-15,63,54,44,53,47,40,93,73,52,29.88,29.82,29.75,10,10,9,18,6,21.0,0.00,0,,253<br />
2013-11-16,61,53,45,56,48,42,100,79,57,29.94,29.86,29.79,10,10,10,18,7,22.0,0.00,2,Fog,250<br />
2013-11-17,61,54,47,54,49,46,100,81,62,30.1,30.03,29.95,10,10,10,10,4,16.0,0.00,5,,274<br />
2013-11-18,59,52,45,53,47,43,100,84,67,30.17,30.12,30.09,10,10,10,13,5,25.0,0.00,6,,245<br />
2013-11-19,64,59,53,55,50,46,93,81,69,30.12,30.04,29.96,10,9,5,13,6,20.0,0.44,8,Rain,133<br />
2013-11-20,60,57,53,57,54,48,100,89,78,29.95,29.91,29.86,10,8,2,18,8,47.0,0.71,8,Rain,223<br />
2013-11-21,64,58,52,54,41,18,93,57,21,29.98,29.94,29.91,10,10,7,33,10,46.0,0.02,5,Rain,324<br />
2013-11-22,71,63,55,23,14,7,24,17,9,30.03,29.96,29.91,10,10,10,35,17,43.0,0.00,1,,35<br />
2013-11-23,63,55,47,47,36,23,86,55,24,30.12,30.04,29.98,10,10,10,21,6,30.0,0.00,0,,149<br />
2013-11-24,61,50,38,44,41,37,89,68,46,30.26,30.19,30.12,10,10,10,7,3,9.0,0.00,0,Fog,325<br />
2013-11-25,63,51,38,47,42,36,86,71,55,30.34,30.28,30.26,10,10,8,10,4,13.0,0.00,1,,321<br />
2013-11-26,65,54,42,46,41,38,89,68,46,30.27,30.16,30.04,10,10,8,10,4,12.0,0.00,6,,56<br />
2013-11-27,61,52,42,47,44,38,86,71,55,30.03,29.92,29.85,10,8,6,10,3,13.0,0.00,4,,301<br />
2013-11-28,65,55,45,49,44,41,89,67,44,30.09,29.96,29.88,10,9,5,9,3,12.0,0.00,2,,286<br />
2013-11-29,65,53,41,50,44,38,93,69,44,30.22,30.16,30.09,10,9,5,12,3,13.0,0.00,0,Fog,310<br />
2013-11-30,64,53,41,48,44,38,96,78,60,30.28,30.25,30.2,10,9,6,10,2,13.0,0.00,2,Fog,299<br />
2013-12-01,64,52,40,49,44,40,96,74,51,30.35,30.28,30.23,10,9,7,9,2,16.0,0.00,1,Fog,292<br />
2013-12-02,61,51,41,54,48,38,93,80,67,30.23,30.12,29.99,10,8,0,16,5,20.0,0.00,4,Fog,274<br />
2013-12-03,56,50,43,54,37,29,93,66,38,29.95,29.92,29.87,10,10,10,28,12,33.0,0.00,4,,297<br />
2013-12-04,51,42,33,30,23,13,65,47,29,30.09,30.04,29.96,10,10,10,10,4,14.0,0.00,0,,311<br />
2013-12-05,50,39,28,26,19,12,59,43,27,30.19,30.14,30.09,10,10,10,10,3,13.0,0.00,0,,193<br />
2013-12-06,52,44,36,47,33,24,83,63,42,30.21,30.11,29.94,10,10,5,30,11,36.0,0.23,5,Rain,167<br />
2013-12-07,50,41,32,45,29,24,70,53,36,30.26,30.11,29.94,10,10,10,24,11,32.0,0.05,2,Rain,324<br />
2013-12-08,48,40,31,28,21,15,82,56,29,30.33,30.29,30.25,10,10,10,17,7,24.0,0.00,2,,57<br />
2013-12-09,54,42,30,24,17,10,64,43,21,30.43,30.38,30.33,10,10,10,22,8,29.0,0.00,0,,70<br />
2013-12-10,54,43,31,36,27,23,70,51,32,30.41,30.3,30.22,10,10,10,16,4,16.0,0.00,1,,94<br />
2013-12-11,53,42,31,37,29,25,75,57,39,30.26,30.22,30.19,10,10,8,10,3,14.0,0.00,0,,148<br />
2013-12-12,54,43,31,40,33,26,79,65,50,30.28,30.23,30.19,10,8,6,8,3,12.0,0.00,1,,158<br />
2013-12-13,53,44,34,43,39,32,89,78,66,30.35,30.29,30.25,10,7,2,9,2,13.0,0.00,3,,234<br />
2013-12-14,57,44,31,43,37,31,85,68,51,30.41,30.35,30.32,10,9,7,10,3,14.0,0.00,1,Fog,190<br />
2013-12-15,58,46,33,42,37,31,89,68,47,30.37,30.3,30.24,10,8,6,12,2,18.0,0.00,2,,206<br />
2013-12-16,66,51,36,42,38,33,86,60,34,30.24,30.18,30.13,10,10,8,12,3,21.0,0.00,5,,201<br />
2013-12-17,60,50,39,43,39,36,86,63,40,30.19,30.11,30.04,9,6,3,8,2,9.0,0.00,6,,225<br />
2013-12-18,56,46,36,47,42,34,92,78,64,30.03,29.91,29.78,10,8,5,15,6,17.0,0.00,5,,262<br />
2013-12-19,58,49,39,44,33,12,86,54,22,29.94,29.82,29.74,10,10,10,18,6,22.0,0.00,1,,306<br />
2013-12-20,57,45,33,30,23,12,57,39,20,30.03,29.98,29.94,10,10,10,13,2,14.0,0.00,1,,154<br />
2013-12-21,62,50,37,48,40,28,93,74,55,30.1,30.03,29.99,10,9,6,12,3,16.0,0.00,0,,248<br />
2013-12-22,62,49,36,45,39,36,93,68,42,30.29,30.2,30.1,10,9,2,9,3,18.0,0.00,0,Fog,273<br />
2013-12-23,60,49,37,42,38,35,85,66,46,30.4,30.35,30.3,10,9,6,12,2,15.0,0.00,1,,285<br />
2013-12-24,66,53,39,44,39,34,89,63,37,30.35,30.28,30.21,10,8,6,9,3,24.0,0.00,1,,355<br />
2013-12-25,62,50,37,42,38,35,86,64,42,30.3,30.25,30.21,10,10,8,9,3,9.0,0.00,0,,220<br />
2013-12-26,62,49,35,43,38,34,92,66,39,30.27,30.22,30.18,10,9,7,7,2,7.0,0.00,0,,289<br />
2013-12-27,58,47,35,43,39,32,92,76,59,30.24,30.19,30.14,10,9,6,9,2,20.0,0.00,4,,308<br />
2013-12-28,62,47,31,41,34,30,92,62,32,30.16,30.1,30.04,10,10,10,8,2,14.0,0.00,0,Fog,321<br />
2013-12-29,72,53,34,40,26,15,76,45,13,30.19,30.13,30.1,10,10,10,16,5,21.0,0.00,1,,46<br />
2013-12-30,61,48,34,45,38,30,93,67,40,30.27,30.23,30.18,10,10,7,9,3,13.0,0.00,3,Fog,327<br />
2013-12-31,59,48,36,44,38,34,92,68,44,30.28,30.22,30.17,10,7,4,10,3,21.0,0.00,3,,293<br />
